query_id,bought_rate,n_rows,strata,split
q_000001,0.0,3,0%,train
q_000002,0.14285714285714285,7,1-33%,test
q_000003,0.0,4,0%,valid
q_000004,0.0,3,0%,train
q_000005,0.0,2,0%,train
q_000006,0.0,2,0%,test
q_000007,0.0,2,0%,train
q_000008,0.0,4,0%,train
q_000009,0.0,5,0%,train
q_000010,0.0,6,0%,test
q_000011,0.0,2,0%,train
q_000012,0.0,3,0%,train
q_000013,0.25,8,1-33%,train
q_000014,0.0,6,0%,train
q_000015,0.42857142857142855,7,34-100%,train
q_000016,0.5,2,34-100%,train
q_000017,0.14285714285714285,7,1-33%,train
q_000018,0.0,3,0%,train
q_000019,0.3333333333333333,6,34-100%,train
q_000020,0.0,3,0%,test
q_000021,0.0,3,0%,test
q_000022,0.0,3,0%,train
q_000023,0.25,4,1-33%,train
q_000024,0.25,8,1-33%,train
q_000025,0.0,3,0%,train
q_000026,0.125,8,1-33%,train
q_000027,0.2857142857142857,7,1-33%,test
q_000028,0.2,5,1-33%,valid
q_000029,0.0,8,0%,train
q_000030,0.0,6,0%,train
q_000031,0.16666666666666666,6,1-33%,train
q_000032,0.0,4,0%,train
q_000033,0.125,8,1-33%,train
q_000034,0.0,7,0%,valid
q_000035,0.0,2,0%,test
q_000036,0.0,8,0%,train
q_000037,0.0,8,0%,train
q_000038,0.14285714285714285,7,1-33%,valid
q_000039,0.6,5,34-100%,valid
q_000040,0.0,4,0%,train
q_000041,0.0,4,0%,train
q_000042,0.0,5,0%,train
q_000043,0.5,2,34-100%,train
q_000044,0.0,2,0%,valid
q_000045,0.2,5,1-33%,train
q_000046,0.14285714285714285,7,1-33%,train
q_000047,0.25,4,1-33%,train
q_000048,0.0,3,0%,train
q_000049,0.0,2,0%,train
q_000050,0.0,3,0%,train
q_000051,0.0,6,0%,train
q_000052,0.2,5,1-33%,valid
q_000053,0.0,4,0%,valid
q_000054,0.0,6,0%,train
q_000055,0.2,5,1-33%,train
q_000056,0.0,2,0%,test
q_000057,0.3333333333333333,6,34-100%,train
q_000058,0.0,2,0%,valid
q_000059,0.5,2,34-100%,valid
q_000060,0.0,3,0%,valid
q_000061,0.16666666666666666,6,1-33%,train
q_000062,0.0,4,0%,train
q_000063,0.14285714285714285,7,1-33%,test
q_000064,0.0,2,0%,train
q_000065,0.14285714285714285,7,1-33%,valid
q_000066,0.14285714285714285,7,1-33%,train
q_000067,0.0,6,0%,train
q_000068,0.0,2,0%,test
q_000069,0.0,3,0%,train
q_000070,0.25,4,1-33%,train
q_000071,0.0,3,0%,train
q_000072,0.0,2,0%,train
q_000073,0.0,5,0%,train
q_000074,0.0,5,0%,train
q_000075,0.0,2,0%,train
q_000076,0.4,5,34-100%,valid
q_000077,0.0,8,0%,test
q_000078,0.375,8,34-100%,valid
q_000079,0.0,8,0%,train
q_000080,0.0,2,0%,train
q_000081,0.3333333333333333,6,34-100%,train
q_000082,0.0,3,0%,train
q_000083,0.5,4,34-100%,valid
q_000084,0.3333333333333333,3,34-100%,valid
q_000085,0.25,8,1-33%,train
q_000086,0.25,4,1-33%,valid
q_000087,0.5,2,34-100%,train
q_000088,0.0,7,0%,train
q_000089,0.4,5,34-100%,train
q_000090,0.0,3,0%,test
q_000091,0.14285714285714285,7,1-33%,train
q_000092,0.14285714285714285,7,1-33%,valid
q_000093,0.6666666666666666,3,34-100%,test
q_000094,0.125,8,1-33%,train
q_000095,0.0,2,0%,train
q_000096,0.3333333333333333,3,34-100%,train
q_000097,0.2857142857142857,7,1-33%,train
q_000098,0.0,4,0%,train
q_000099,0.5,2,34-100%,train
q_000100,0.125,8,1-33%,train
q_000101,0.16666666666666666,6,1-33%,valid
q_000102,0.16666666666666666,6,1-33%,train
q_000103,0.125,8,1-33%,train
q_000104,0.0,3,0%,train
q_000105,0.2,5,1-33%,test
q_000106,0.0,3,0%,train
q_000107,0.16666666666666666,6,1-33%,train
q_000108,0.3333333333333333,3,34-100%,train
q_000109,0.0,5,0%,train
q_000110,0.42857142857142855,7,34-100%,train
q_000111,0.0,2,0%,train
q_000112,0.2,5,1-33%,train
q_000113,0.25,4,1-33%,train
q_000114,0.2,5,1-33%,train
q_000115,0.125,8,1-33%,train
q_000116,0.0,2,0%,train
q_000117,0.16666666666666666,6,1-33%,train
q_000118,0.25,4,1-33%,train
q_000119,0.16666666666666666,6,1-33%,train
q_000120,0.125,8,1-33%,train
q_000121,0.0,3,0%,train
q_000122,0.0,3,0%,train
q_000123,0.25,4,1-33%,train
q_000124,0.0,3,0%,valid
q_000125,0.0,8,0%,train
q_000126,0.2,5,1-33%,train
q_000127,0.375,8,34-100%,train
q_000128,0.0,5,0%,valid
q_000129,0.5,2,34-100%,valid
q_000130,0.0,3,0%,train
q_000131,0.0,3,0%,train
q_000132,0.125,8,1-33%,train
q_000133,0.0,6,0%,train
q_000134,0.0,5,0%,train
q_000135,0.2,5,1-33%,train
q_000136,0.25,4,1-33%,train
q_000137,0.0,7,0%,train
q_000138,0.0,5,0%,train
q_000139,0.5,2,34-100%,test
q_000140,0.0,2,0%,train
q_000141,0.0,7,0%,train
q_000142,0.0,8,0%,train
q_000143,0.6666666666666666,3,34-100%,train
q_000144,0.25,8,1-33%,valid
q_000145,0.5,4,34-100%,test
q_000146,1.0,4,34-100%,train
q_000147,0.16666666666666666,6,1-33%,train
q_000148,0.0,7,0%,train
q_000149,0.2,5,1-33%,test
q_000150,0.0,2,0%,train
q_000151,0.14285714285714285,7,1-33%,train
q_000152,0.125,8,1-33%,test
q_000153,0.125,8,1-33%,train
q_000154,0.0,3,0%,train
q_000155,0.0,7,0%,train
q_000156,0.14285714285714285,7,1-33%,train
q_000157,0.0,4,0%,train
q_000158,0.0,7,0%,train
q_000159,0.0,3,0%,test
q_000160,0.0,6,0%,train
q_000161,0.4,5,34-100%,valid
q_000162,0.125,8,1-33%,test
q_000163,0.0,6,0%,train
q_000164,0.25,4,1-33%,valid
q_000165,0.2857142857142857,7,1-33%,train
q_000166,0.3333333333333333,6,34-100%,test
q_000167,0.0,5,0%,train
q_000168,0.14285714285714285,7,1-33%,train
q_000169,0.0,5,0%,train
q_000170,0.14285714285714285,7,1-33%,train
q_000171,0.0,2,0%,test
q_000172,0.0,3,0%,train
q_000173,0.3333333333333333,3,34-100%,train
q_000174,0.0,4,0%,valid
q_000175,0.2857142857142857,7,1-33%,train
q_000176,0.0,3,0%,train
q_000177,0.3333333333333333,3,34-100%,test
q_000178,0.0,3,0%,train
q_000179,0.0,5,0%,train
q_000180,0.0,3,0%,valid
q_000181,0.0,2,0%,train
q_000182,0.0,3,0%,train
q_000183,0.3333333333333333,3,34-100%,train
q_000184,0.0,3,0%,train
q_000185,0.25,8,1-33%,train
q_000186,0.0,7,0%,test
q_000187,0.16666666666666666,6,1-33%,train
q_000188,0.0,5,0%,train
q_000189,0.0,3,0%,train
q_000190,0.25,4,1-33%,train
q_000191,0.16666666666666666,6,1-33%,test
q_000192,0.125,8,1-33%,train
q_000193,0.0,2,0%,valid
q_000194,1.0,2,34-100%,train
q_000195,0.25,4,1-33%,train
q_000196,0.0,3,0%,train
q_000197,0.0,3,0%,train
q_000198,0.14285714285714285,7,1-33%,train
q_000199,0.125,8,1-33%,test
q_000200,0.4,5,34-100%,test
q_000201,0.0,6,0%,train
q_000202,0.0,4,0%,train
q_000203,0.125,8,1-33%,train
q_000204,0.0,2,0%,train
q_000205,0.0,4,0%,train
q_000206,0.2857142857142857,7,1-33%,test
q_000207,0.0,5,0%,test
q_000208,0.0,4,0%,train
q_000209,0.0,2,0%,train
q_000210,0.0,2,0%,train
q_000211,0.0,7,0%,train
q_000212,0.16666666666666666,6,1-33%,train
q_000213,0.375,8,34-100%,test
q_000214,0.16666666666666666,6,1-33%,train
q_000215,0.0,4,0%,train
q_000216,0.0,7,0%,train
q_000217,0.0,2,0%,valid
q_000218,0.5,4,34-100%,train
q_000219,0.375,8,34-100%,train
q_000220,0.125,8,1-33%,train
q_000221,0.0,5,0%,train
q_000222,0.14285714285714285,7,1-33%,train
q_000223,0.0,4,0%,train
q_000224,0.0,2,0%,train
q_000225,0.0,3,0%,train
q_000226,0.0,3,0%,train
q_000227,0.0,4,0%,train
q_000228,0.0,2,0%,train
q_000229,0.0,5,0%,train
q_000230,0.0,5,0%,valid
q_000231,0.0,2,0%,valid
q_000232,0.0,7,0%,valid
q_000233,0.0,6,0%,train
q_000234,0.0,2,0%,train
q_000235,0.0,8,0%,train
q_000236,0.0,7,0%,train
q_000237,0.0,2,0%,test
q_000238,0.25,4,1-33%,train
q_000239,0.2857142857142857,7,1-33%,valid
q_000240,0.16666666666666666,6,1-33%,train
q_000241,0.5,4,34-100%,train
q_000242,0.0,6,0%,test
q_000243,0.0,2,0%,valid
q_000244,0.0,8,0%,train
q_000245,0.42857142857142855,7,34-100%,train
q_000246,0.0,3,0%,train
q_000247,0.0,6,0%,train
q_000248,0.125,8,1-33%,train
q_000249,0.125,8,1-33%,valid
q_000250,0.0,3,0%,valid
q_000251,0.4,5,34-100%,train
q_000252,0.14285714285714285,7,1-33%,train
q_000253,0.25,4,1-33%,train
q_000254,0.3333333333333333,3,34-100%,valid
q_000255,0.0,2,0%,train
q_000256,0.0,3,0%,train
q_000257,0.0,4,0%,train
q_000258,0.0,5,0%,valid
q_000259,0.0,8,0%,train
q_000260,0.3333333333333333,6,34-100%,train
q_000261,0.2,5,1-33%,train
q_000262,0.0,3,0%,train
q_000263,0.0,2,0%,train
q_000264,0.125,8,1-33%,train
q_000265,0.3333333333333333,3,34-100%,test
q_000266,0.16666666666666666,6,1-33%,train
q_000267,0.125,8,1-33%,valid
q_000268,0.2,5,1-33%,train
q_000269,0.125,8,1-33%,train
q_000270,0.0,2,0%,train
q_000271,0.0,8,0%,valid
q_000272,0.3333333333333333,3,34-100%,train
q_000273,0.0,5,0%,train
q_000274,0.0,4,0%,train
q_000275,0.0,2,0%,valid
q_000276,0.5,4,34-100%,train
q_000277,0.3333333333333333,3,34-100%,train
q_000278,0.25,4,1-33%,test
q_000279,0.0,4,0%,test
q_000280,0.14285714285714285,7,1-33%,valid
q_000281,0.2,5,1-33%,train
q_000282,0.2,5,1-33%,train
q_000283,0.2,5,1-33%,train
q_000284,0.0,4,0%,train
q_000285,0.0,8,0%,train
q_000286,0.0,7,0%,test
q_000287,0.0,2,0%,valid
q_000288,0.14285714285714285,7,1-33%,valid
q_000289,0.0,8,0%,train
q_000290,0.16666666666666666,6,1-33%,train
q_000291,0.2857142857142857,7,1-33%,train
q_000292,0.0,7,0%,train
q_000293,0.4,5,34-100%,test
q_000294,0.0,2,0%,train
q_000295,0.0,2,0%,train
q_000296,0.3333333333333333,3,34-100%,valid
q_000297,0.2,5,1-33%,test
q_000298,0.0,4,0%,test
q_000299,0.0,2,0%,train
q_000300,0.0,5,0%,train
q_000301,0.2,5,1-33%,test
q_000302,0.3333333333333333,3,34-100%,train
q_000303,0.25,8,1-33%,test
q_000304,0.0,7,0%,valid
q_000305,0.0,4,0%,train
q_000306,0.125,8,1-33%,train
q_000307,0.3333333333333333,3,34-100%,train
q_000308,0.125,8,1-33%,train
q_000309,0.0,4,0%,test
q_000310,0.2,5,1-33%,train
q_000311,0.0,4,0%,train
q_000312,0.0,8,0%,train
q_000313,0.0,6,0%,train
q_000314,0.0,7,0%,train
q_000315,0.0,5,0%,valid
q_000316,0.0,3,0%,train
q_000317,0.0,4,0%,train
q_000318,0.0,5,0%,train
q_000319,0.0,3,0%,valid
q_000320,0.25,8,1-33%,train
q_000321,0.5,2,34-100%,train
q_000322,0.6666666666666666,3,34-100%,test
q_000323,0.0,2,0%,train
q_000324,0.2857142857142857,7,1-33%,train
q_000325,0.25,8,1-33%,train
q_000326,0.2857142857142857,7,1-33%,train
q_000327,0.0,3,0%,train
q_000328,0.0,6,0%,train
q_000329,0.0,8,0%,train
q_000330,0.0,7,0%,train
q_000331,0.0,7,0%,train
q_000332,0.2,5,1-33%,train
q_000333,0.0,6,0%,train
q_000334,0.0,5,0%,train
q_000335,0.3333333333333333,3,34-100%,train
q_000336,0.0,2,0%,train
q_000337,0.0,3,0%,train
q_000338,0.0,2,0%,train
q_000339,0.2857142857142857,7,1-33%,valid
q_000340,0.0,2,0%,train
q_000341,0.0,6,0%,valid
q_000342,0.0,2,0%,train
q_000343,0.0,8,0%,train
q_000344,0.0,4,0%,test
q_000345,0.0,5,0%,test
q_000346,0.3333333333333333,6,34-100%,train
q_000347,0.2,5,1-33%,train
q_000348,0.0,8,0%,train
q_000349,1.0,2,34-100%,train
q_000350,0.2,5,1-33%,train
q_000351,0.0,3,0%,test
q_000352,0.0,4,0%,train
q_000353,0.16666666666666666,6,1-33%,train
q_000354,0.0,8,0%,train
q_000355,0.0,3,0%,train
q_000356,0.2,5,1-33%,train
q_000357,0.0,6,0%,train
q_000358,0.0,5,0%,train
q_000359,0.2,5,1-33%,train
q_000360,0.25,8,1-33%,train
q_000361,0.14285714285714285,7,1-33%,valid
q_000362,0.2,5,1-33%,test
q_000363,0.25,8,1-33%,train
q_000364,0.0,2,0%,train
q_000365,0.0,3,0%,train
q_000366,0.0,5,0%,test
q_000367,0.16666666666666666,6,1-33%,train
q_000368,0.25,4,1-33%,test
q_000369,0.2857142857142857,7,1-33%,test
q_000370,0.25,8,1-33%,train
q_000371,0.0,6,0%,train
q_000372,0.0,5,0%,train
q_000373,0.0,3,0%,valid
q_000374,0.14285714285714285,7,1-33%,test
q_000375,0.0,3,0%,test
q_000376,0.125,8,1-33%,train
q_000377,0.0,2,0%,test
q_000378,0.5,2,34-100%,test
q_000379,0.2,5,1-33%,train
q_000380,0.0,4,0%,train
q_000381,0.0,7,0%,train
q_000382,0.0,8,0%,valid
q_000383,0.5,6,34-100%,train
q_000384,0.0,2,0%,valid
q_000385,0.0,5,0%,valid
q_000386,0.0,4,0%,train
q_000387,0.2,5,1-33%,train
q_000388,0.16666666666666666,6,1-33%,train
q_000389,0.25,4,1-33%,train
q_000390,0.125,8,1-33%,train
q_000391,0.0,3,0%,train
q_000392,0.5714285714285714,7,34-100%,train
q_000393,0.0,3,0%,train
q_000394,0.0,7,0%,train
q_000395,0.0,2,0%,train
q_000396,0.4,5,34-100%,train
q_000397,0.0,3,0%,train
q_000398,0.2,5,1-33%,test
q_000399,0.0,7,0%,train
q_000400,0.375,8,34-100%,valid
q_000401,0.0,2,0%,train
q_000402,0.3333333333333333,3,34-100%,train
q_000403,0.2,5,1-33%,train
q_000404,0.0,3,0%,test
q_000405,0.0,4,0%,test
q_000406,0.0,5,0%,train
q_000407,0.2,5,1-33%,train
q_000408,0.0,3,0%,test
q_000409,0.25,4,1-33%,test
q_000410,0.0,5,0%,train
q_000411,0.0,3,0%,train
q_000412,0.0,3,0%,train
q_000413,0.0,3,0%,train
q_000414,0.0,5,0%,test
q_000415,0.25,8,1-33%,test
q_000416,0.3333333333333333,3,34-100%,test
q_000417,0.0,8,0%,train
q_000418,0.125,8,1-33%,valid
q_000419,0.0,8,0%,train
q_000420,0.0,2,0%,train
q_000421,0.3333333333333333,3,34-100%,train
q_000422,0.0,5,0%,train
q_000423,0.25,4,1-33%,test
q_000424,0.5,6,34-100%,train
q_000425,0.4,5,34-100%,train
q_000426,0.0,2,0%,train
q_000427,0.0,6,0%,test
q_000428,0.16666666666666666,6,1-33%,test
q_000429,0.0,3,0%,train
q_000430,0.125,8,1-33%,train
q_000431,0.0,8,0%,valid
q_000432,0.14285714285714285,7,1-33%,train
q_000433,0.0,2,0%,valid
q_000434,0.2,5,1-33%,test
q_000435,0.5,2,34-100%,test
q_000436,0.16666666666666666,6,1-33%,train
q_000437,0.0,2,0%,train
q_000438,0.0,8,0%,train
q_000439,0.0,6,0%,train
q_000440,0.0,8,0%,train
q_000441,0.5,2,34-100%,train
q_000442,0.0,7,0%,train
q_000443,0.0,2,0%,train
q_000444,0.25,8,1-33%,train
q_000445,0.0,2,0%,valid
q_000446,0.2,5,1-33%,train
q_000447,0.14285714285714285,7,1-33%,valid
q_000448,0.0,4,0%,valid
q_000449,0.3333333333333333,3,34-100%,train
q_000450,0.2857142857142857,7,1-33%,train
q_000451,0.0,2,0%,test
q_000452,0.0,7,0%,train
q_000453,0.25,8,1-33%,train
q_000454,0.125,8,1-33%,test
q_000455,0.0,6,0%,train
q_000456,0.0,2,0%,train
q_000457,0.0,5,0%,test
q_000458,0.5,2,34-100%,train
q_000459,0.25,4,1-33%,train
q_000460,0.2,5,1-33%,train
q_000461,0.25,4,1-33%,train
q_000462,0.0,2,0%,train
q_000463,0.375,8,34-100%,train
q_000464,0.125,8,1-33%,test
q_000465,0.3333333333333333,6,34-100%,train
q_000466,0.0,7,0%,train
q_000467,0.0,8,0%,train
q_000468,1.0,2,34-100%,train
q_000469,0.0,3,0%,train
q_000470,0.0,2,0%,test
q_000471,0.0,6,0%,valid
q_000472,0.0,4,0%,test
q_000473,0.0,3,0%,train
q_000474,0.25,4,1-33%,train
q_000475,0.5,2,34-100%,train
q_000476,0.3333333333333333,6,34-100%,test
q_000477,0.25,8,1-33%,train
q_000478,0.0,5,0%,train
q_000479,0.0,8,0%,train
q_000480,0.0,5,0%,train
q_000481,0.14285714285714285,7,1-33%,train
q_000482,0.0,2,0%,test
q_000483,0.0,4,0%,train
q_000484,0.0,4,0%,train
q_000485,0.0,3,0%,train
q_000486,0.0,7,0%,test
q_000487,0.3333333333333333,3,34-100%,train
q_000488,0.0,4,0%,train
q_000489,0.2857142857142857,7,1-33%,train
q_000490,0.0,4,0%,train
q_000491,0.14285714285714285,7,1-33%,train
q_000492,0.0,3,0%,train
q_000493,0.125,8,1-33%,train
q_000494,0.0,4,0%,train
q_000495,0.0,5,0%,test
q_000496,0.0,5,0%,train
q_000497,0.125,8,1-33%,train
q_000498,0.0,6,0%,test
q_000499,0.0,5,0%,test
q_000500,0.0,4,0%,train
q_000501,0.0,4,0%,train
q_000502,0.3333333333333333,3,34-100%,train
q_000503,0.2,5,1-33%,valid
q_000504,0.0,4,0%,train
q_000505,0.0,7,0%,train
q_000506,0.3333333333333333,3,34-100%,test
q_000507,0.42857142857142855,7,34-100%,test
q_000508,0.4,5,34-100%,train
q_000509,0.16666666666666666,6,1-33%,valid
q_000510,0.25,8,1-33%,train
q_000511,0.0,8,0%,train
q_000512,0.0,2,0%,valid
q_000513,0.0,7,0%,train
q_000514,0.0,8,0%,train
q_000515,0.0,3,0%,valid
q_000516,0.0,2,0%,train
q_000517,0.2,5,1-33%,valid
q_000518,0.2,5,1-33%,train
q_000519,0.0,4,0%,train
q_000520,0.0,3,0%,test
q_000521,0.16666666666666666,6,1-33%,test
q_000522,0.0,3,0%,train
q_000523,0.25,4,1-33%,test
q_000524,0.0,4,0%,train
q_000525,0.2857142857142857,7,1-33%,train
q_000526,0.2,5,1-33%,train
q_000527,0.2857142857142857,7,1-33%,test
q_000528,0.0,4,0%,train
q_000529,0.0,6,0%,train
q_000530,0.125,8,1-33%,test
q_000531,0.0,3,0%,train
q_000532,0.6666666666666666,3,34-100%,train
q_000533,0.0,7,0%,valid
q_000534,0.3333333333333333,6,34-100%,test
q_000535,0.0,5,0%,train
q_000536,0.125,8,1-33%,train
q_000537,0.0,2,0%,train
q_000538,0.5,2,34-100%,test
q_000539,0.0,6,0%,train
q_000540,0.0,8,0%,train
q_000541,0.0,6,0%,valid
q_000542,0.125,8,1-33%,train
q_000543,0.0,3,0%,train
q_000544,0.0,6,0%,valid
q_000545,0.0,2,0%,train
q_000546,0.0,4,0%,test
q_000547,0.0,7,0%,train
q_000548,0.0,8,0%,train
q_000549,0.0,3,0%,train
q_000550,0.125,8,1-33%,train
q_000551,0.14285714285714285,7,1-33%,train
q_000552,0.0,4,0%,train
q_000553,0.16666666666666666,6,1-33%,train
q_000554,0.0,3,0%,train
q_000555,0.0,8,0%,valid
q_000556,0.16666666666666666,6,1-33%,train
q_000557,0.0,2,0%,train
q_000558,0.0,3,0%,train
q_000559,0.5,2,34-100%,train
q_000560,0.3333333333333333,6,34-100%,train
q_000561,0.0,3,0%,train
q_000562,0.0,5,0%,train
q_000563,0.0,4,0%,train
q_000564,0.5,2,34-100%,train
q_000565,0.0,2,0%,train
q_000566,0.0,7,0%,train
q_000567,0.0,3,0%,train
q_000568,0.0,2,0%,train
q_000569,0.0,4,0%,train
q_000570,0.0,5,0%,train
q_000571,0.14285714285714285,7,1-33%,train
q_000572,0.2857142857142857,7,1-33%,train
q_000573,0.0,6,0%,valid
q_000574,0.6666666666666666,3,34-100%,test
q_000575,0.0,2,0%,train
q_000576,0.0,8,0%,test
q_000577,0.14285714285714285,7,1-33%,test
q_000578,0.14285714285714285,7,1-33%,train
q_000579,0.14285714285714285,7,1-33%,test
q_000580,0.2,5,1-33%,test
q_000581,0.25,4,1-33%,valid
q_000582,0.0,5,0%,train
q_000583,0.0,8,0%,train
q_000584,0.16666666666666666,6,1-33%,valid
q_000585,0.125,8,1-33%,train
q_000586,0.16666666666666666,6,1-33%,valid
q_000587,0.0,3,0%,train
q_000588,0.0,2,0%,train
q_000589,0.125,8,1-33%,train
q_000590,0.42857142857142855,7,34-100%,train
q_000591,0.2,5,1-33%,train
q_000592,0.0,5,0%,train
q_000593,0.125,8,1-33%,train
q_000594,0.0,6,0%,train
q_000595,0.5,4,34-100%,test
q_000596,0.0,5,0%,train
q_000597,0.25,4,1-33%,train
q_000598,0.0,5,0%,test
q_000599,0.3333333333333333,6,34-100%,train
q_000600,0.0,4,0%,train
q_000601,0.14285714285714285,7,1-33%,train
q_000602,0.0,5,0%,train
q_000603,0.0,6,0%,train
q_000604,0.125,8,1-33%,train
q_000605,0.0,4,0%,train
q_000606,0.0,2,0%,test
q_000607,0.125,8,1-33%,train
q_000608,0.14285714285714285,7,1-33%,train
q_000609,0.4,5,34-100%,valid
q_000610,0.0,5,0%,train
q_000611,0.3333333333333333,6,34-100%,train
q_000612,0.0,3,0%,train
q_000613,0.25,4,1-33%,train
q_000614,0.5,6,34-100%,train
q_000615,0.2,5,1-33%,train
q_000616,0.5,6,34-100%,train
q_000617,0.0,2,0%,train
q_000618,0.0,6,0%,train
q_000619,0.25,4,1-33%,train
q_000620,0.0,5,0%,train
q_000621,0.125,8,1-33%,test
q_000622,0.0,5,0%,train
q_000623,0.25,8,1-33%,train
q_000624,0.0,8,0%,valid
q_000625,0.5,4,34-100%,test
q_000626,1.0,2,34-100%,valid
q_000627,0.0,2,0%,train
q_000628,0.0,3,0%,valid
q_000629,0.0,2,0%,train
q_000630,0.0,2,0%,train
q_000631,0.0,2,0%,train
q_000632,0.0,2,0%,test
q_000633,0.0,2,0%,train
q_000634,0.5,2,34-100%,train
q_000635,0.0,3,0%,valid
q_000636,0.0,8,0%,train
q_000637,0.0,7,0%,test
q_000638,0.0,3,0%,valid
q_000639,0.3333333333333333,3,34-100%,valid
q_000640,0.0,6,0%,train
q_000641,0.0,3,0%,train
q_000642,0.0,5,0%,train
q_000643,0.25,4,1-33%,valid
q_000644,0.0,8,0%,train
q_000645,0.0,7,0%,train
q_000646,0.0,4,0%,train
q_000647,0.0,4,0%,train
q_000648,0.0,3,0%,train
q_000649,0.16666666666666666,6,1-33%,train
q_000650,0.0,5,0%,train
q_000651,0.5,4,34-100%,train
q_000652,0.125,8,1-33%,train
q_000653,0.0,6,0%,valid
q_000654,0.0,4,0%,train
q_000655,0.0,2,0%,train
q_000656,0.0,2,0%,train
q_000657,0.3333333333333333,3,34-100%,train
q_000658,0.0,3,0%,train
q_000659,0.25,8,1-33%,train
q_000660,0.0,3,0%,train
q_000661,0.125,8,1-33%,train
q_000662,1.0,2,34-100%,train
q_000663,0.2857142857142857,7,1-33%,train
q_000664,0.5,2,34-100%,valid
q_000665,0.0,6,0%,train
q_000666,0.0,3,0%,train
q_000667,0.0,5,0%,valid
q_000668,0.0,4,0%,train
q_000669,0.0,4,0%,train
q_000670,0.0,4,0%,train
q_000671,0.5,2,34-100%,train
q_000672,0.0,2,0%,train
q_000673,0.0,7,0%,train
q_000674,0.16666666666666666,6,1-33%,test
q_000675,0.0,3,0%,train
q_000676,0.0,5,0%,valid
q_000677,0.125,8,1-33%,train
q_000678,0.14285714285714285,7,1-33%,train
q_000679,0.0,5,0%,train
q_000680,0.0,8,0%,train
q_000681,0.14285714285714285,7,1-33%,train
q_000682,0.5,2,34-100%,train
q_000683,0.2857142857142857,7,1-33%,train
q_000684,0.0,7,0%,test
q_000685,0.16666666666666666,6,1-33%,train
q_000686,0.0,4,0%,train
q_000687,0.16666666666666666,6,1-33%,train
q_000688,0.25,4,1-33%,train
q_000689,0.0,3,0%,valid
q_000690,0.16666666666666666,6,1-33%,valid
q_000691,0.0,6,0%,test
q_000692,0.0,2,0%,train
q_000693,0.3333333333333333,6,34-100%,test
q_000694,0.14285714285714285,7,1-33%,train
q_000695,0.16666666666666666,6,1-33%,train
q_000696,0.125,8,1-33%,train
q_000697,0.0,6,0%,train
q_000698,0.14285714285714285,7,1-33%,train
q_000699,0.14285714285714285,7,1-33%,valid
q_000700,0.0,8,0%,train
q_000701,0.0,4,0%,train
q_000702,0.25,8,1-33%,test
q_000703,0.25,8,1-33%,train
q_000704,0.0,4,0%,valid
q_000705,0.2,5,1-33%,valid
q_000706,0.0,2,0%,test
q_000707,0.0,2,0%,valid
q_000708,0.125,8,1-33%,train
q_000709,0.0,4,0%,valid
q_000710,0.0,6,0%,train
q_000711,0.0,5,0%,valid
q_000712,0.0,3,0%,train
q_000713,0.25,8,1-33%,train
q_000714,0.3333333333333333,3,34-100%,train
q_000715,0.0,3,0%,test
q_000716,0.25,8,1-33%,train
q_000717,0.0,5,0%,valid
q_000718,1.0,3,34-100%,train
q_000719,0.0,8,0%,train
q_000720,0.5,6,34-100%,train
q_000721,0.14285714285714285,7,1-33%,valid
q_000722,0.2857142857142857,7,1-33%,valid
q_000723,0.0,3,0%,train
q_000724,0.0,5,0%,train
q_000725,0.125,8,1-33%,train
q_000726,0.3333333333333333,3,34-100%,train
q_000727,0.0,2,0%,train
q_000728,0.125,8,1-33%,train
q_000729,0.0,6,0%,valid
q_000730,0.5,2,34-100%,train
q_000731,0.0,6,0%,train
q_000732,0.2,5,1-33%,train
q_000733,0.25,4,1-33%,train
q_000734,0.25,4,1-33%,test
q_000735,0.4,5,34-100%,train
q_000736,0.14285714285714285,7,1-33%,test
q_000737,0.2,5,1-33%,train
q_000738,0.0,6,0%,train
q_000739,0.0,8,0%,valid
q_000740,0.0,7,0%,test
q_000741,0.16666666666666666,6,1-33%,valid
q_000742,0.0,4,0%,valid
q_000743,0.3333333333333333,6,34-100%,train
q_000744,0.0,7,0%,valid
q_000745,0.25,4,1-33%,train
q_000746,0.0,8,0%,train
q_000747,0.0,2,0%,train
q_000748,0.125,8,1-33%,train
q_000749,0.0,4,0%,test
q_000750,0.14285714285714285,7,1-33%,train
q_000751,0.0,2,0%,train
q_000752,0.125,8,1-33%,train
q_000753,0.0,8,0%,train
q_000754,0.0,3,0%,train
q_000755,0.14285714285714285,7,1-33%,train
q_000756,0.14285714285714285,7,1-33%,train
q_000757,0.16666666666666666,6,1-33%,train
q_000758,0.5,2,34-100%,train
q_000759,0.0,2,0%,test
q_000760,0.25,4,1-33%,valid
q_000761,0.3333333333333333,3,34-100%,train
q_000762,0.6666666666666666,3,34-100%,train
q_000763,0.0,2,0%,train
q_000764,0.16666666666666666,6,1-33%,train
q_000765,0.0,4,0%,train
q_000766,0.0,5,0%,train
q_000767,0.16666666666666666,6,1-33%,train
q_000768,0.0,3,0%,valid
q_000769,0.0,3,0%,valid
q_000770,0.25,8,1-33%,train
q_000771,0.0,2,0%,train
q_000772,0.0,6,0%,train
q_000773,0.0,3,0%,valid
q_000774,0.125,8,1-33%,train
q_000775,0.0,4,0%,train
q_000776,0.0,5,0%,train
q_000777,0.0,2,0%,train
q_000778,0.5714285714285714,7,34-100%,train
q_000779,0.0,7,0%,train
q_000780,0.2,5,1-33%,test
q_000781,0.0,2,0%,train
q_000782,0.2,5,1-33%,train
q_000783,0.25,4,1-33%,train
q_000784,0.16666666666666666,6,1-33%,valid
q_000785,0.0,2,0%,train
q_000786,0.2,5,1-33%,train
q_000787,0.25,4,1-33%,test
q_000788,0.14285714285714285,7,1-33%,train
q_000789,0.14285714285714285,7,1-33%,train
q_000790,0.0,2,0%,train
q_000791,0.0,3,0%,train
q_000792,0.14285714285714285,7,1-33%,train
q_000793,0.0,6,0%,valid
q_000794,0.16666666666666666,6,1-33%,train
q_000795,0.0,6,0%,train
q_000796,0.14285714285714285,7,1-33%,valid
q_000797,0.25,8,1-33%,valid
q_000798,0.0,3,0%,train
q_000799,0.0,5,0%,train
q_000800,0.2,5,1-33%,train
q_000801,0.375,8,34-100%,train
q_000802,0.14285714285714285,7,1-33%,test
q_000803,0.0,6,0%,train
q_000804,0.0,4,0%,train
q_000805,0.0,3,0%,train
q_000806,0.3333333333333333,3,34-100%,train
q_000807,0.14285714285714285,7,1-33%,train
q_000808,0.0,2,0%,train
q_000809,0.16666666666666666,6,1-33%,train
q_000810,0.16666666666666666,6,1-33%,train
q_000811,0.0,3,0%,train
q_000812,0.0,4,0%,train
q_000813,0.2,5,1-33%,valid
q_000814,0.25,8,1-33%,train
q_000815,0.2,5,1-33%,train
q_000816,0.16666666666666666,6,1-33%,test
q_000817,0.14285714285714285,7,1-33%,train
q_000818,0.0,2,0%,train
q_000819,0.0,4,0%,valid
q_000820,0.0,8,0%,train
q_000821,0.0,3,0%,train
q_000822,0.0,8,0%,test
q_000823,1.0,2,34-100%,train
q_000824,0.0,3,0%,train
q_000825,0.0,3,0%,train
q_000826,0.0,3,0%,train
q_000827,0.0,4,0%,train
q_000828,0.0,2,0%,train
q_000829,0.6666666666666666,3,34-100%,valid
q_000830,0.0,4,0%,train
q_000831,0.125,8,1-33%,test
q_000832,0.4,5,34-100%,train
q_000833,0.0,8,0%,train
q_000834,0.3333333333333333,3,34-100%,train
q_000835,0.125,8,1-33%,train
q_000836,0.2,5,1-33%,train
q_000837,0.0,5,0%,train
q_000838,0.16666666666666666,6,1-33%,train
q_000839,0.0,2,0%,train
q_000840,0.0,4,0%,train
q_000841,0.5,2,34-100%,train
q_000842,0.0,2,0%,valid
q_000843,0.0,3,0%,train
q_000844,0.0,4,0%,test
q_000845,0.0,3,0%,test
q_000846,0.0,8,0%,train
q_000847,0.0,3,0%,train
q_000848,0.0,3,0%,train
q_000849,0.0,2,0%,valid
q_000850,0.0,5,0%,valid
q_000851,0.0,2,0%,valid
q_000852,0.0,6,0%,train
q_000853,0.25,4,1-33%,train
q_000854,0.0,8,0%,valid
q_000855,0.16666666666666666,6,1-33%,train
q_000856,0.6666666666666666,3,34-100%,valid
q_000857,0.0,2,0%,train
q_000858,0.3333333333333333,3,34-100%,train
q_000859,0.25,4,1-33%,train
q_000860,0.0,5,0%,train
q_000861,0.0,6,0%,test
q_000862,0.2857142857142857,7,1-33%,train
q_000863,0.2,5,1-33%,train
q_000864,0.0,2,0%,train
q_000865,0.16666666666666666,6,1-33%,train
q_000866,0.0,3,0%,train
q_000867,0.0,4,0%,train
q_000868,0.5,8,34-100%,train
q_000869,0.2,5,1-33%,train
q_000870,0.0,5,0%,train
q_000871,0.0,3,0%,valid
q_000872,0.0,5,0%,valid
q_000873,0.42857142857142855,7,34-100%,train
q_000874,0.0,4,0%,train
q_000875,0.6666666666666666,3,34-100%,train
q_000876,0.25,8,1-33%,train
q_000877,0.2,5,1-33%,train
q_000878,0.14285714285714285,7,1-33%,train
q_000879,0.3333333333333333,6,34-100%,train
q_000880,0.5,2,34-100%,train
q_000881,0.5,2,34-100%,train
q_000882,0.16666666666666666,6,1-33%,train
q_000883,0.0,2,0%,valid
q_000884,0.16666666666666666,6,1-33%,train
q_000885,0.0,3,0%,train
q_000886,0.0,2,0%,test
q_000887,0.0,2,0%,train
q_000888,0.0,2,0%,train
q_000889,0.0,5,0%,train
q_000890,0.5,4,34-100%,train
q_000891,0.0,3,0%,train
q_000892,0.16666666666666666,6,1-33%,train
q_000893,0.0,8,0%,train
q_000894,0.25,4,1-33%,test
q_000895,0.0,3,0%,train
q_000896,0.5,2,34-100%,valid
q_000897,0.0,3,0%,train
q_000898,0.0,7,0%,valid
q_000899,0.25,8,1-33%,train
q_000900,0.0,3,0%,train
q_000901,0.0,3,0%,train
q_000902,0.0,4,0%,train
q_000903,0.0,7,0%,test
q_000904,0.0,8,0%,test
q_000905,0.0,4,0%,train
q_000906,0.0,5,0%,train
q_000907,0.5,2,34-100%,train
q_000908,0.125,8,1-33%,valid
q_000909,0.0,3,0%,test
q_000910,0.0,3,0%,train
q_000911,0.16666666666666666,6,1-33%,valid
q_000912,0.0,2,0%,train
q_000913,0.3333333333333333,3,34-100%,train
q_000914,0.0,2,0%,train
q_000915,0.5,2,34-100%,train
q_000916,0.0,2,0%,valid
q_000917,0.2,5,1-33%,train
q_000918,0.2,5,1-33%,valid
q_000919,0.0,7,0%,train
q_000920,0.0,2,0%,valid
q_000921,0.0,6,0%,train
q_000922,0.14285714285714285,7,1-33%,valid
q_000923,0.0,6,0%,train
q_000924,0.5,4,34-100%,test
q_000925,0.0,7,0%,train
q_000926,0.3333333333333333,3,34-100%,train
q_000927,0.14285714285714285,7,1-33%,train
q_000928,0.0,6,0%,test
q_000929,0.3333333333333333,3,34-100%,valid
q_000930,0.14285714285714285,7,1-33%,valid
q_000931,0.16666666666666666,6,1-33%,test
q_000932,0.2857142857142857,7,1-33%,train
q_000933,0.16666666666666666,6,1-33%,train
q_000934,0.125,8,1-33%,train
q_000935,0.0,6,0%,train
q_000936,0.0,2,0%,train
q_000937,0.16666666666666666,6,1-33%,valid
q_000938,0.375,8,34-100%,train
q_000939,0.0,8,0%,valid
q_000940,0.0,2,0%,train
q_000941,0.25,4,1-33%,test
q_000942,0.0,2,0%,train
q_000943,0.2,5,1-33%,train
q_000944,0.0,4,0%,test
q_000945,0.375,8,34-100%,train
q_000946,0.0,4,0%,valid
q_000947,0.0,3,0%,test
q_000948,0.2857142857142857,7,1-33%,train
q_000949,0.0,8,0%,train
q_000950,0.0,2,0%,train
q_000951,0.0,6,0%,train
q_000952,0.4,5,34-100%,train
q_000953,0.16666666666666666,6,1-33%,train
q_000954,0.3333333333333333,3,34-100%,train
q_000955,0.0,5,0%,train
q_000956,0.0,5,0%,train
q_000957,0.0,2,0%,train
q_000958,0.0,4,0%,train
q_000959,0.14285714285714285,7,1-33%,train
q_000960,0.0,2,0%,train
q_000961,0.2,5,1-33%,test
q_000962,0.2,5,1-33%,train
q_000963,0.2857142857142857,7,1-33%,train
q_000964,0.0,3,0%,train
q_000965,0.5,2,34-100%,train
q_000966,0.25,4,1-33%,valid
q_000967,0.0,2,0%,test
q_000968,0.0,7,0%,train
q_000969,0.0,5,0%,train
q_000970,0.3333333333333333,6,34-100%,train
q_000971,0.0,4,0%,train
q_000972,0.0,5,0%,test
q_000973,0.0,2,0%,train
q_000974,0.0,2,0%,train
q_000975,0.16666666666666666,6,1-33%,train
q_000976,0.5,4,34-100%,train
q_000977,0.42857142857142855,7,34-100%,train
q_000978,0.0,2,0%,train
q_000979,0.6,5,34-100%,valid
q_000980,0.0,4,0%,train
q_000981,0.0,2,0%,train
q_000982,0.0,3,0%,train
q_000983,0.0,6,0%,train
q_000984,0.125,8,1-33%,train
q_000985,0.16666666666666666,6,1-33%,train
q_000986,0.25,4,1-33%,test
q_000987,0.0,4,0%,train
q_000988,0.25,8,1-33%,train
q_000989,0.5,2,34-100%,train
q_000990,0.0,2,0%,train
q_000991,0.6,5,34-100%,test
q_000992,0.5,2,34-100%,test
q_000993,0.25,4,1-33%,test
q_000994,0.0,7,0%,train
q_000995,0.3333333333333333,6,34-100%,train
q_000996,0.0,8,0%,train
q_000997,0.4,5,34-100%,train
q_000998,0.0,3,0%,train
q_000999,0.0,7,0%,train
q_001000,0.0,3,0%,train
q_001001,1.0,3,34-100%,train
q_001002,0.0,7,0%,train
q_001003,0.0,4,0%,test
q_001004,0.16666666666666666,6,1-33%,train
q_001005,0.2857142857142857,7,1-33%,test
q_001006,0.5,2,34-100%,train
q_001007,0.2,5,1-33%,train
q_001008,0.125,8,1-33%,train
q_001009,0.125,8,1-33%,train
q_001010,0.0,3,0%,train
q_001011,0.0,2,0%,train
q_001012,0.0,8,0%,train
q_001013,0.5,2,34-100%,valid
q_001014,0.25,8,1-33%,train
q_001015,0.25,8,1-33%,test
q_001016,0.0,3,0%,train
q_001017,0.0,3,0%,train
q_001018,0.2,5,1-33%,test
q_001019,0.0,8,0%,valid
q_001020,0.0,4,0%,train
q_001021,0.125,8,1-33%,train
q_001022,0.16666666666666666,6,1-33%,valid
q_001023,0.0,5,0%,train
q_001024,0.16666666666666666,6,1-33%,train
q_001025,0.0,2,0%,train
q_001026,0.0,2,0%,valid
q_001027,0.4,5,34-100%,train
q_001028,0.3333333333333333,3,34-100%,train
q_001029,0.0,5,0%,train
q_001030,0.14285714285714285,7,1-33%,valid
q_001031,0.0,2,0%,train
q_001032,0.0,3,0%,test
q_001033,0.2,5,1-33%,valid
q_001034,0.375,8,34-100%,train
q_001035,0.0,4,0%,train
q_001036,0.0,3,0%,test
q_001037,0.0,4,0%,valid
q_001038,0.0,2,0%,train
q_001039,0.16666666666666666,6,1-33%,train
q_001040,0.25,4,1-33%,train
q_001041,0.125,8,1-33%,test
q_001042,0.3333333333333333,6,34-100%,valid
q_001043,0.16666666666666666,6,1-33%,valid
q_001044,0.0,3,0%,train
q_001045,0.0,5,0%,train
q_001046,0.5,2,34-100%,train
q_001047,0.14285714285714285,7,1-33%,train
q_001048,0.0,5,0%,train
q_001049,0.0,4,0%,valid
q_001050,0.3333333333333333,6,34-100%,train
q_001051,0.0,5,0%,valid
q_001052,0.25,8,1-33%,test
q_001053,0.0,3,0%,valid
q_001054,0.2857142857142857,7,1-33%,train
q_001055,0.2857142857142857,7,1-33%,train
q_001056,0.0,7,0%,valid
q_001057,0.5,4,34-100%,test
q_001058,0.2,5,1-33%,train
q_001059,0.2857142857142857,7,1-33%,train
q_001060,0.14285714285714285,7,1-33%,train
q_001061,0.0,8,0%,test
q_001062,0.0,7,0%,train
q_001063,0.0,2,0%,train
q_001064,0.0,2,0%,train
q_001065,0.0,3,0%,train
q_001066,0.0,2,0%,train
q_001067,0.0,2,0%,valid
q_001068,0.0,5,0%,train
q_001069,0.0,2,0%,valid
q_001070,0.14285714285714285,7,1-33%,train
q_001071,0.14285714285714285,7,1-33%,train
q_001072,0.0,7,0%,valid
q_001073,0.0,3,0%,train
q_001074,0.3333333333333333,3,34-100%,test
q_001075,0.42857142857142855,7,34-100%,valid
q_001076,0.2857142857142857,7,1-33%,train
q_001077,0.0,2,0%,train
q_001078,0.125,8,1-33%,train
q_001079,0.0,3,0%,valid
q_001080,0.2,5,1-33%,train
q_001081,0.0,2,0%,train
q_001082,0.0,3,0%,train
q_001083,0.0,8,0%,train
q_001084,0.14285714285714285,7,1-33%,train
q_001085,0.25,4,1-33%,valid
q_001086,0.375,8,34-100%,test
q_001087,0.3333333333333333,3,34-100%,train
q_001088,0.2,5,1-33%,train
q_001089,0.0,5,0%,train
q_001090,0.0,3,0%,train
q_001091,0.0,6,0%,train
q_001092,1.0,2,34-100%,train
q_001093,0.125,8,1-33%,train
q_001094,0.0,5,0%,train
q_001095,0.0,4,0%,train
q_001096,0.0,7,0%,train
q_001097,0.5,4,34-100%,test
q_001098,0.0,4,0%,train
q_001099,0.4,5,34-100%,train
q_001100,0.14285714285714285,7,1-33%,train
q_001101,0.0,6,0%,train
q_001102,0.0,3,0%,train
q_001103,0.3333333333333333,3,34-100%,valid
q_001104,0.2,5,1-33%,valid
q_001105,0.2857142857142857,7,1-33%,test
q_001106,0.0,3,0%,train
q_001107,0.0,8,0%,train
q_001108,0.14285714285714285,7,1-33%,train
q_001109,0.3333333333333333,3,34-100%,valid
q_001110,0.25,4,1-33%,valid
q_001111,0.0,2,0%,test
q_001112,0.0,3,0%,train
q_001113,0.0,8,0%,train
q_001114,0.0,4,0%,train
q_001115,0.0,8,0%,train
q_001116,0.0,3,0%,train
q_001117,0.3333333333333333,3,34-100%,train
q_001118,0.0,3,0%,train
q_001119,0.5,2,34-100%,train
q_001120,0.2,5,1-33%,train
q_001121,0.16666666666666666,6,1-33%,train
q_001122,0.25,8,1-33%,train
q_001123,0.0,4,0%,train
q_001124,0.0,5,0%,test
q_001125,0.6666666666666666,3,34-100%,train
q_001126,0.25,4,1-33%,train
q_001127,0.0,7,0%,train
q_001128,0.3333333333333333,3,34-100%,train
q_001129,0.2,5,1-33%,train
q_001130,0.0,4,0%,train
q_001131,0.5,4,34-100%,test
q_001132,0.125,8,1-33%,train
q_001133,0.0,5,0%,train
q_001134,0.14285714285714285,7,1-33%,test
q_001135,0.2,5,1-33%,train
q_001136,0.0,2,0%,train
q_001137,0.0,6,0%,train
q_001138,0.0,7,0%,train
q_001139,0.0,3,0%,test
q_001140,0.3333333333333333,3,34-100%,test
q_001141,0.3333333333333333,3,34-100%,train
q_001142,0.6666666666666666,3,34-100%,train
q_001143,0.5,2,34-100%,train
q_001144,0.0,4,0%,valid
q_001145,0.16666666666666666,6,1-33%,train
q_001146,0.0,6,0%,valid
q_001147,0.125,8,1-33%,valid
q_001148,0.0,7,0%,valid
q_001149,0.125,8,1-33%,test
q_001150,0.5,6,34-100%,valid
q_001151,0.0,4,0%,train
q_001152,0.25,4,1-33%,test
q_001153,0.0,8,0%,test
q_001154,0.42857142857142855,7,34-100%,train
q_001155,0.2,5,1-33%,train
q_001156,0.125,8,1-33%,valid
q_001157,0.0,5,0%,train
q_001158,0.0,7,0%,train
q_001159,0.0,3,0%,train
q_001160,0.25,4,1-33%,train
q_001161,0.3333333333333333,6,34-100%,valid
q_001162,0.6,5,34-100%,train
q_001163,0.0,3,0%,train
q_001164,0.14285714285714285,7,1-33%,train
q_001165,0.5,2,34-100%,train
q_001166,0.2,5,1-33%,valid
q_001167,0.16666666666666666,6,1-33%,train
q_001168,0.0,2,0%,train
q_001169,0.0,4,0%,train
q_001170,0.0,5,0%,test
q_001171,0.0,4,0%,train
q_001172,0.0,2,0%,train
q_001173,0.0,8,0%,train
q_001174,0.125,8,1-33%,train
q_001175,0.5,2,34-100%,train
q_001176,0.0,5,0%,valid
q_001177,0.0,8,0%,test
q_001178,0.0,3,0%,train
q_001179,0.14285714285714285,7,1-33%,train
q_001180,0.0,7,0%,train
q_001181,0.0,5,0%,valid
q_001182,0.0,4,0%,train
q_001183,0.14285714285714285,7,1-33%,train
q_001184,0.4,5,34-100%,train
q_001185,0.5,2,34-100%,train
q_001186,0.16666666666666666,6,1-33%,valid
q_001187,0.0,2,0%,train
q_001188,0.0,7,0%,train
q_001189,0.16666666666666666,6,1-33%,train
q_001190,0.125,8,1-33%,train
q_001191,0.16666666666666666,6,1-33%,train
q_001192,0.0,5,0%,train
q_001193,0.25,4,1-33%,train
q_001194,0.0,3,0%,valid
q_001195,0.5,2,34-100%,train
q_001196,0.0,4,0%,train
q_001197,0.0,4,0%,train
q_001198,0.5,4,34-100%,train
q_001199,0.3333333333333333,6,34-100%,train
q_001200,0.0,7,0%,train
q_001201,0.16666666666666666,6,1-33%,train
q_001202,0.14285714285714285,7,1-33%,train
q_001203,0.2,5,1-33%,test
q_001204,0.0,3,0%,train
q_001205,0.3333333333333333,6,34-100%,train
q_001206,0.16666666666666666,6,1-33%,train
q_001207,0.375,8,34-100%,train
q_001208,0.3333333333333333,6,34-100%,train
q_001209,0.125,8,1-33%,valid
q_001210,0.2857142857142857,7,1-33%,train
q_001211,0.0,7,0%,valid
q_001212,0.0,3,0%,train
q_001213,0.0,2,0%,test
q_001214,0.25,8,1-33%,train
q_001215,0.0,6,0%,valid
q_001216,0.0,5,0%,test
q_001217,0.0,2,0%,valid
q_001218,0.2,5,1-33%,train
q_001219,0.0,6,0%,train
q_001220,0.0,3,0%,train
q_001221,0.0,2,0%,valid
q_001222,0.2,5,1-33%,train
q_001223,0.5,2,34-100%,train
q_001224,0.0,3,0%,test
q_001225,0.125,8,1-33%,valid
q_001226,0.0,3,0%,valid
q_001227,0.25,4,1-33%,valid
q_001228,0.0,3,0%,valid
q_001229,0.0,6,0%,train
q_001230,0.0,6,0%,train
q_001231,0.5,2,34-100%,train
q_001232,0.0,3,0%,test
q_001233,0.0,3,0%,train
q_001234,0.3333333333333333,3,34-100%,test
q_001235,0.2,5,1-33%,train
q_001236,0.0,2,0%,train
q_001237,0.0,4,0%,test
q_001238,0.0,7,0%,train
q_001239,0.125,8,1-33%,train
q_001240,0.0,6,0%,train
q_001241,0.0,6,0%,train
q_001242,0.25,8,1-33%,train
q_001243,0.0,3,0%,test
q_001244,0.0,6,0%,test
q_001245,0.3333333333333333,3,34-100%,train
q_001246,0.25,4,1-33%,train
q_001247,0.14285714285714285,7,1-33%,test
q_001248,0.0,7,0%,train
q_001249,0.0,2,0%,train
q_001250,0.0,3,0%,train
q_001251,0.0,6,0%,test
q_001252,0.0,6,0%,train
q_001253,0.0,6,0%,train
q_001254,0.0,4,0%,train
q_001255,0.0,5,0%,train
q_001256,0.3333333333333333,3,34-100%,train
q_001257,0.14285714285714285,7,1-33%,train
q_001258,0.0,5,0%,train
q_001259,0.2,5,1-33%,train
q_001260,0.0,2,0%,train
q_001261,0.14285714285714285,7,1-33%,train
q_001262,0.0,6,0%,train
q_001263,0.0,6,0%,valid
q_001264,0.5,2,34-100%,train
q_001265,0.16666666666666666,6,1-33%,train
q_001266,0.0,6,0%,train
q_001267,0.0,4,0%,train
q_001268,0.0,2,0%,valid
q_001269,0.0,6,0%,train
q_001270,0.0,2,0%,valid
q_001271,0.0,6,0%,train
q_001272,0.0,7,0%,train
q_001273,0.0,6,0%,train
q_001274,0.125,8,1-33%,valid
q_001275,0.3333333333333333,3,34-100%,test
q_001276,0.0,7,0%,train
q_001277,0.2857142857142857,7,1-33%,train
q_001278,0.0,7,0%,valid
q_001279,0.0,3,0%,train
q_001280,0.2,5,1-33%,test
q_001281,0.0,5,0%,test
q_001282,0.0,2,0%,train
q_001283,0.14285714285714285,7,1-33%,train
q_001284,0.0,3,0%,train
q_001285,0.3333333333333333,3,34-100%,train
q_001286,0.0,3,0%,valid
q_001287,0.0,7,0%,train
q_001288,0.0,6,0%,train
q_001289,0.3333333333333333,3,34-100%,train
q_001290,0.2857142857142857,7,1-33%,valid
q_001291,0.0,2,0%,train
q_001292,0.375,8,34-100%,test
q_001293,0.0,6,0%,valid
q_001294,0.0,4,0%,test
q_001295,0.25,4,1-33%,train
q_001296,0.16666666666666666,6,1-33%,train
q_001297,0.0,3,0%,train
q_001298,0.14285714285714285,7,1-33%,train
q_001299,0.5,2,34-100%,train
q_001300,0.0,6,0%,train
q_001301,0.5,6,34-100%,train
q_001302,0.16666666666666666,6,1-33%,train
q_001303,0.25,4,1-33%,valid
q_001304,0.0,5,0%,train
q_001305,0.2,5,1-33%,train
q_001306,0.0,2,0%,train
q_001307,0.0,2,0%,train
q_001308,0.0,2,0%,train
q_001309,0.0,6,0%,valid
q_001310,0.16666666666666666,6,1-33%,valid
q_001311,0.25,8,1-33%,train
q_001312,0.5,2,34-100%,valid
q_001313,0.0,4,0%,valid
q_001314,0.0,3,0%,train
q_001315,0.0,4,0%,test
q_001316,0.125,8,1-33%,train
q_001317,0.4,5,34-100%,valid
q_001318,0.2,5,1-33%,train
q_001319,0.16666666666666666,6,1-33%,test
q_001320,0.5,4,34-100%,test
q_001321,0.2,5,1-33%,train
q_001322,0.0,4,0%,valid
q_001323,0.0,7,0%,train
q_001324,0.0,4,0%,train
q_001325,0.0,5,0%,train
q_001326,0.0,8,0%,train
q_001327,0.0,7,0%,train
q_001328,0.0,8,0%,train
q_001329,0.2857142857142857,7,1-33%,valid
q_001330,0.0,5,0%,valid
q_001331,0.0,5,0%,test
q_001332,0.16666666666666666,6,1-33%,train
q_001333,0.0,2,0%,train
q_001334,0.0,4,0%,train
q_001335,0.0,4,0%,train
q_001336,0.0,3,0%,train
q_001337,0.0,5,0%,train
q_001338,0.0,3,0%,train
q_001339,0.25,4,1-33%,train
q_001340,0.2857142857142857,7,1-33%,train
q_001341,0.0,3,0%,train
q_001342,0.4,5,34-100%,valid
q_001343,0.0,2,0%,train
q_001344,0.2,5,1-33%,train
q_001345,0.0,7,0%,valid
q_001346,0.2,5,1-33%,valid
q_001347,0.0,7,0%,train
q_001348,0.3333333333333333,6,34-100%,test
q_001349,0.0,8,0%,train
q_001350,0.0,3,0%,train
q_001351,0.0,2,0%,train
q_001352,0.0,2,0%,test
q_001353,0.125,8,1-33%,train
q_001354,0.0,5,0%,test
q_001355,0.0,6,0%,test
q_001356,0.4,5,34-100%,train
q_001357,0.0,5,0%,valid
q_001358,0.3333333333333333,6,34-100%,train
q_001359,0.0,4,0%,train
q_001360,0.25,4,1-33%,valid
q_001361,0.0,5,0%,valid
q_001362,0.0,2,0%,train
q_001363,0.0,4,0%,train
q_001364,0.0,5,0%,train
q_001365,0.25,4,1-33%,train
q_001366,0.0,2,0%,test
q_001367,0.0,4,0%,train
q_001368,0.5,4,34-100%,train
q_001369,0.0,7,0%,test
q_001370,0.0,2,0%,train
q_001371,0.3333333333333333,6,34-100%,train
q_001372,0.125,8,1-33%,train
q_001373,0.0,8,0%,train
q_001374,0.125,8,1-33%,train
q_001375,0.14285714285714285,7,1-33%,test
q_001376,0.0,2,0%,test
q_001377,0.25,4,1-33%,train
q_001378,0.0,6,0%,train
q_001379,0.3333333333333333,3,34-100%,test
q_001380,0.0,7,0%,train
q_001381,0.25,8,1-33%,train
q_001382,0.2,5,1-33%,train
q_001383,0.125,8,1-33%,train
q_001384,0.0,4,0%,train
q_001385,0.4,5,34-100%,train
q_001386,0.25,4,1-33%,test
q_001387,0.0,5,0%,test
q_001388,0.2,5,1-33%,train
q_001389,0.0,3,0%,train
q_001390,0.3333333333333333,3,34-100%,train
q_001391,0.25,8,1-33%,valid
q_001392,0.3333333333333333,3,34-100%,valid
q_001393,0.25,8,1-33%,valid
q_001394,0.5,4,34-100%,train
q_001395,0.0,7,0%,valid
q_001396,0.0,2,0%,train
q_001397,0.0,4,0%,train
q_001398,0.25,4,1-33%,train
q_001399,0.2,5,1-33%,train
q_001400,0.3333333333333333,3,34-100%,train
q_001401,0.2857142857142857,7,1-33%,valid
q_001402,0.0,4,0%,test
q_001403,0.5,2,34-100%,train
q_001404,0.0,2,0%,valid
q_001405,0.0,7,0%,train
q_001406,0.125,8,1-33%,valid
q_001407,0.0,2,0%,train
q_001408,0.16666666666666666,6,1-33%,train
q_001409,0.0,3,0%,valid
q_001410,0.5,2,34-100%,train
q_001411,0.0,8,0%,train
q_001412,0.25,8,1-33%,train
q_001413,0.4,5,34-100%,valid
q_001414,0.0,8,0%,train
q_001415,0.0,6,0%,train
q_001416,0.0,4,0%,train
q_001417,0.5,6,34-100%,train
q_001418,0.0,7,0%,train
q_001419,0.0,3,0%,train
q_001420,0.375,8,34-100%,train
q_001421,0.5,4,34-100%,train
q_001422,0.14285714285714285,7,1-33%,train
q_001423,0.0,6,0%,train
q_001424,0.2,5,1-33%,train
q_001425,0.16666666666666666,6,1-33%,test
q_001426,0.0,8,0%,train
q_001427,0.0,5,0%,train
q_001428,0.0,5,0%,train
q_001429,0.2,5,1-33%,train
q_001430,0.3333333333333333,3,34-100%,valid
q_001431,0.14285714285714285,7,1-33%,test
q_001432,0.0,8,0%,train
q_001433,0.125,8,1-33%,train
q_001434,0.0,8,0%,valid
q_001435,0.14285714285714285,7,1-33%,train
q_001436,0.0,7,0%,train
q_001437,0.0,2,0%,train
q_001438,0.5,2,34-100%,train
q_001439,0.14285714285714285,7,1-33%,train
q_001440,0.16666666666666666,6,1-33%,train
q_001441,0.0,4,0%,test
q_001442,0.25,8,1-33%,test
q_001443,0.4,5,34-100%,test
q_001444,0.0,8,0%,train
q_001445,0.5,2,34-100%,train
q_001446,0.25,4,1-33%,train
q_001447,0.0,6,0%,test
q_001448,0.16666666666666666,6,1-33%,train
q_001449,0.0,5,0%,test
q_001450,0.0,8,0%,valid
q_001451,0.0,8,0%,valid
q_001452,0.125,8,1-33%,train
q_001453,0.0,4,0%,valid
q_001454,0.4,5,34-100%,train
q_001455,0.2,5,1-33%,train
q_001456,0.5,2,34-100%,train
q_001457,0.0,8,0%,train
q_001458,0.0,2,0%,test
q_001459,0.25,4,1-33%,train
q_001460,0.0,2,0%,valid
q_001461,0.0,3,0%,test
q_001462,0.0,8,0%,train
q_001463,0.3333333333333333,3,34-100%,train
q_001464,0.0,6,0%,train
q_001465,0.0,2,0%,test
q_001466,0.0,7,0%,train
q_001467,0.14285714285714285,7,1-33%,train
q_001468,0.3333333333333333,6,34-100%,train
q_001469,0.375,8,34-100%,train
q_001470,0.5,2,34-100%,train
q_001471,0.0,5,0%,train
q_001472,0.42857142857142855,7,34-100%,valid
q_001473,0.14285714285714285,7,1-33%,train
q_001474,0.0,8,0%,train
q_001475,0.125,8,1-33%,train
q_001476,0.6,5,34-100%,train
q_001477,0.3333333333333333,3,34-100%,train
q_001478,0.16666666666666666,6,1-33%,train
q_001479,0.0,5,0%,train
q_001480,0.3333333333333333,3,34-100%,train
q_001481,0.14285714285714285,7,1-33%,test
q_001482,0.0,3,0%,train
q_001483,0.5,2,34-100%,train
q_001484,0.16666666666666666,6,1-33%,train
q_001485,0.3333333333333333,6,34-100%,train
q_001486,0.0,3,0%,train
q_001487,0.3333333333333333,3,34-100%,train
q_001488,0.0,4,0%,test
q_001489,0.0,4,0%,train
q_001490,0.2,5,1-33%,test
q_001491,0.125,8,1-33%,train
q_001492,0.5,8,34-100%,train
q_001493,0.2857142857142857,7,1-33%,valid
q_001494,0.25,8,1-33%,train
q_001495,0.3333333333333333,3,34-100%,train
q_001496,0.14285714285714285,7,1-33%,train
q_001497,0.125,8,1-33%,train
q_001498,0.0,8,0%,test
q_001499,0.0,7,0%,train
q_001500,0.3333333333333333,3,34-100%,train
q_001501,0.25,4,1-33%,train
q_001502,0.25,4,1-33%,valid
q_001503,0.125,8,1-33%,train
q_001504,0.0,2,0%,train
q_001505,0.0,3,0%,valid
q_001506,0.0,7,0%,train
q_001507,0.3333333333333333,3,34-100%,train
q_001508,0.0,4,0%,train
q_001509,0.125,8,1-33%,valid
q_001510,0.0,7,0%,test
q_001511,0.5,6,34-100%,train
q_001512,0.0,4,0%,valid
q_001513,0.14285714285714285,7,1-33%,train
q_001514,0.0,2,0%,train
q_001515,0.16666666666666666,6,1-33%,train
q_001516,0.0,8,0%,test
q_001517,0.125,8,1-33%,train
q_001518,0.0,8,0%,train
q_001519,0.25,8,1-33%,train
q_001520,0.16666666666666666,6,1-33%,train
q_001521,0.0,5,0%,train
q_001522,0.0,2,0%,train
q_001523,0.125,8,1-33%,test
q_001524,0.3333333333333333,3,34-100%,train
q_001525,0.0,8,0%,train
q_001526,0.25,8,1-33%,valid
q_001527,0.3333333333333333,3,34-100%,train
q_001528,0.0,3,0%,train
q_001529,0.0,4,0%,train
q_001530,0.16666666666666666,6,1-33%,valid
q_001531,0.25,4,1-33%,valid
q_001532,0.125,8,1-33%,train
q_001533,0.25,4,1-33%,train
q_001534,0.5,2,34-100%,train
q_001535,0.0,8,0%,test
q_001536,0.42857142857142855,7,34-100%,train
q_001537,0.125,8,1-33%,test
q_001538,0.14285714285714285,7,1-33%,train
q_001539,0.0,7,0%,test
q_001540,0.0,5,0%,test
q_001541,0.2,5,1-33%,train
q_001542,0.0,3,0%,train
q_001543,0.0,2,0%,test
q_001544,0.25,8,1-33%,train
q_001545,0.14285714285714285,7,1-33%,train
q_001546,0.0,4,0%,train
q_001547,0.125,8,1-33%,train
q_001548,0.16666666666666666,6,1-33%,train
q_001549,0.16666666666666666,6,1-33%,train
q_001550,0.14285714285714285,7,1-33%,valid
q_001551,0.0,8,0%,train
q_001552,0.25,4,1-33%,train
q_001553,0.0,5,0%,train
q_001554,0.5,2,34-100%,train
q_001555,0.25,4,1-33%,train
q_001556,0.125,8,1-33%,valid
q_001557,0.0,3,0%,valid
q_001558,0.0,8,0%,train
q_001559,0.5,2,34-100%,train
q_001560,0.0,5,0%,train
q_001561,0.5,2,34-100%,valid
q_001562,0.3333333333333333,3,34-100%,train
q_001563,0.5,2,34-100%,train
q_001564,0.0,4,0%,test
q_001565,0.0,7,0%,train
q_001566,0.0,2,0%,train
q_001567,0.0,3,0%,valid
q_001568,0.5,2,34-100%,valid
q_001569,0.14285714285714285,7,1-33%,train
q_001570,0.0,6,0%,train
q_001571,0.2857142857142857,7,1-33%,test
q_001572,0.2857142857142857,7,1-33%,train
q_001573,0.16666666666666666,6,1-33%,train
q_001574,0.3333333333333333,3,34-100%,train
q_001575,0.0,3,0%,train
q_001576,0.14285714285714285,7,1-33%,train
q_001577,0.0,4,0%,test
q_001578,0.0,6,0%,train
q_001579,0.5,4,34-100%,train
q_001580,0.2857142857142857,7,1-33%,test
q_001581,0.0,4,0%,train
q_001582,0.0,7,0%,train
q_001583,0.0,8,0%,train
q_001584,0.0,6,0%,valid
q_001585,0.0,5,0%,train
q_001586,0.14285714285714285,7,1-33%,train
q_001587,0.3333333333333333,3,34-100%,train
q_001588,0.0,7,0%,train
q_001589,0.0,7,0%,valid
q_001590,0.0,8,0%,train
q_001591,0.0,5,0%,test
q_001592,0.0,3,0%,train
q_001593,0.16666666666666666,6,1-33%,valid
q_001594,0.0,6,0%,test
q_001595,0.16666666666666666,6,1-33%,test
q_001596,0.0,6,0%,train
q_001597,0.0,2,0%,train
q_001598,0.0,6,0%,test
q_001599,0.0,4,0%,train
q_001600,0.3333333333333333,3,34-100%,train
q_001601,0.3333333333333333,3,34-100%,valid
q_001602,0.25,4,1-33%,valid
q_001603,0.4,5,34-100%,train
q_001604,0.2857142857142857,7,1-33%,test
q_001605,0.16666666666666666,6,1-33%,train
q_001606,0.0,5,0%,test
q_001607,0.0,6,0%,test
q_001608,0.0,3,0%,test
q_001609,0.0,4,0%,train
q_001610,0.14285714285714285,7,1-33%,train
q_001611,0.0,6,0%,train
q_001612,0.2857142857142857,7,1-33%,train
q_001613,0.0,5,0%,valid
q_001614,0.0,3,0%,train
q_001615,0.0,3,0%,train
q_001616,0.0,3,0%,train
q_001617,0.5,4,34-100%,valid
q_001618,0.25,4,1-33%,train
q_001619,0.0,6,0%,train
q_001620,0.0,6,0%,train
q_001621,0.0,2,0%,valid
q_001622,0.0,3,0%,train
q_001623,0.0,4,0%,train
q_001624,0.25,4,1-33%,train
q_001625,0.0,8,0%,train
q_001626,0.0,5,0%,train
q_001627,0.5,4,34-100%,valid
q_001628,0.0,6,0%,train
q_001629,0.0,8,0%,train
q_001630,0.0,4,0%,valid
q_001631,0.0,6,0%,test
q_001632,0.2857142857142857,7,1-33%,test
q_001633,0.0,6,0%,valid
q_001634,0.4,5,34-100%,train
q_001635,0.0,7,0%,train
q_001636,0.5,2,34-100%,train
q_001637,0.25,4,1-33%,train
q_001638,0.125,8,1-33%,train
q_001639,0.0,5,0%,valid
q_001640,0.0,7,0%,test
q_001641,0.5,2,34-100%,train
q_001642,0.0,4,0%,valid
q_001643,0.4,5,34-100%,train
q_001644,0.375,8,34-100%,train
q_001645,0.6666666666666666,3,34-100%,valid
q_001646,0.3333333333333333,3,34-100%,train
q_001647,0.0,2,0%,test
q_001648,0.0,2,0%,valid
q_001649,0.0,6,0%,train
q_001650,0.0,4,0%,train
q_001651,0.0,6,0%,train
q_001652,0.3333333333333333,3,34-100%,valid
q_001653,0.0,7,0%,train
q_001654,0.14285714285714285,7,1-33%,train
q_001655,0.0,3,0%,train
q_001656,0.25,8,1-33%,train
q_001657,0.25,8,1-33%,train
q_001658,0.0,5,0%,valid
q_001659,0.16666666666666666,6,1-33%,train
q_001660,0.0,3,0%,test
q_001661,0.14285714285714285,7,1-33%,train
q_001662,0.0,7,0%,train
q_001663,0.3333333333333333,3,34-100%,test
q_001664,0.2,5,1-33%,test
q_001665,0.0,5,0%,train
q_001666,0.2,5,1-33%,train
q_001667,0.0,7,0%,train
q_001668,0.2,5,1-33%,train
q_001669,0.0,2,0%,train
q_001670,0.125,8,1-33%,train
q_001671,0.0,4,0%,train
q_001672,0.2857142857142857,7,1-33%,train
q_001673,0.125,8,1-33%,test
q_001674,0.0,4,0%,test
q_001675,0.3333333333333333,6,34-100%,train
q_001676,0.0,6,0%,test
q_001677,0.0,3,0%,train
q_001678,0.2,5,1-33%,train
q_001679,0.0,5,0%,test
q_001680,0.16666666666666666,6,1-33%,train
q_001681,0.2,5,1-33%,train
q_001682,0.0,6,0%,train
q_001683,0.25,8,1-33%,train
q_001684,0.25,8,1-33%,train
q_001685,0.2857142857142857,7,1-33%,valid
q_001686,0.125,8,1-33%,valid
q_001687,0.2857142857142857,7,1-33%,train
q_001688,0.25,4,1-33%,train
q_001689,0.14285714285714285,7,1-33%,train
q_001690,0.25,4,1-33%,train
q_001691,0.0,2,0%,valid
q_001692,0.125,8,1-33%,train
q_001693,0.0,4,0%,train
q_001694,0.6666666666666666,3,34-100%,train
q_001695,0.0,5,0%,train
q_001696,0.0,3,0%,train
q_001697,0.6,5,34-100%,train
q_001698,0.16666666666666666,6,1-33%,train
q_001699,0.0,3,0%,train
q_001700,0.0,4,0%,train
q_001701,0.3333333333333333,3,34-100%,train
q_001702,0.5,2,34-100%,train
q_001703,0.3333333333333333,6,34-100%,test
q_001704,0.0,5,0%,train
q_001705,0.0,7,0%,valid
q_001706,0.2857142857142857,7,1-33%,test
q_001707,0.6,5,34-100%,test
q_001708,0.0,2,0%,train
q_001709,0.0,8,0%,valid
q_001710,0.42857142857142855,7,34-100%,train
q_001711,0.14285714285714285,7,1-33%,valid
q_001712,0.16666666666666666,6,1-33%,train
q_001713,0.0,6,0%,train
q_001714,0.5,2,34-100%,test
q_001715,0.2857142857142857,7,1-33%,train
q_001716,0.0,4,0%,train
q_001717,0.0,3,0%,test
q_001718,0.0,4,0%,train
q_001719,0.2857142857142857,7,1-33%,train
q_001720,0.0,6,0%,train
q_001721,0.25,8,1-33%,train
q_001722,0.16666666666666666,6,1-33%,train
q_001723,0.0,2,0%,test
q_001724,0.5,2,34-100%,train
q_001725,0.16666666666666666,6,1-33%,test
q_001726,0.0,3,0%,train
q_001727,0.0,2,0%,train
q_001728,0.0,8,0%,train
q_001729,0.3333333333333333,3,34-100%,test
q_001730,0.0,8,0%,train
q_001731,0.0,3,0%,train
q_001732,0.0,5,0%,valid
q_001733,0.125,8,1-33%,train
q_001734,0.0,2,0%,train
q_001735,0.3333333333333333,3,34-100%,valid
q_001736,0.25,8,1-33%,train
q_001737,0.0,3,0%,train
q_001738,0.0,3,0%,train
q_001739,0.2,5,1-33%,train
q_001740,0.0,5,0%,train
q_001741,0.2857142857142857,7,1-33%,test
q_001742,0.0,4,0%,train
q_001743,0.2,5,1-33%,train
q_001744,0.3333333333333333,3,34-100%,train
q_001745,0.0,3,0%,train
q_001746,0.0,4,0%,test
q_001747,0.125,8,1-33%,train
q_001748,0.0,8,0%,train
q_001749,0.0,3,0%,train
q_001750,0.5,2,34-100%,test
q_001751,0.0,8,0%,train
q_001752,0.2857142857142857,7,1-33%,valid
q_001753,0.2,5,1-33%,train
q_001754,0.2857142857142857,7,1-33%,test
q_001755,0.0,3,0%,train
q_001756,0.0,2,0%,train
q_001757,0.2,5,1-33%,train
q_001758,0.0,7,0%,train
q_001759,0.25,8,1-33%,test
q_001760,0.0,3,0%,valid
q_001761,0.0,7,0%,train
q_001762,0.125,8,1-33%,valid
q_001763,0.0,6,0%,train
q_001764,0.0,5,0%,train
q_001765,0.14285714285714285,7,1-33%,train
q_001766,0.0,2,0%,test
q_001767,0.0,2,0%,test
q_001768,0.0,2,0%,valid
q_001769,0.0,6,0%,train
q_001770,0.42857142857142855,7,34-100%,train
q_001771,0.0,6,0%,train
q_001772,0.0,6,0%,test
q_001773,0.0,5,0%,valid
q_001774,0.0,2,0%,valid
q_001775,0.16666666666666666,6,1-33%,train
q_001776,0.16666666666666666,6,1-33%,train
q_001777,0.16666666666666666,6,1-33%,train
q_001778,0.0,4,0%,test
q_001779,0.25,4,1-33%,train
q_001780,0.125,8,1-33%,valid
q_001781,0.0,2,0%,train
q_001782,0.5,2,34-100%,train
q_001783,0.0,7,0%,test
q_001784,0.0,5,0%,train
q_001785,0.25,8,1-33%,train
q_001786,0.0,4,0%,train
q_001787,0.0,4,0%,valid
q_001788,0.0,4,0%,train
q_001789,0.3333333333333333,6,34-100%,train
q_001790,0.0,7,0%,test
q_001791,0.0,3,0%,train
q_001792,0.0,5,0%,valid
q_001793,0.25,4,1-33%,test
q_001794,0.0,5,0%,train
q_001795,0.5,2,34-100%,train
q_001796,0.16666666666666666,6,1-33%,train
q_001797,0.0,7,0%,train
q_001798,0.0,5,0%,train
q_001799,0.3333333333333333,3,34-100%,train
q_001800,0.3333333333333333,3,34-100%,train
q_001801,0.0,3,0%,valid
q_001802,0.0,4,0%,train
q_001803,0.0,5,0%,train
q_001804,0.0,2,0%,train
q_001805,0.14285714285714285,7,1-33%,train
q_001806,0.0,2,0%,train
q_001807,0.0,3,0%,train
q_001808,0.125,8,1-33%,train
q_001809,0.0,8,0%,train
q_001810,0.0,5,0%,train
q_001811,0.0,4,0%,test
q_001812,0.125,8,1-33%,train
q_001813,0.25,8,1-33%,train
q_001814,0.125,8,1-33%,train
q_001815,0.0,8,0%,train
q_001816,0.125,8,1-33%,train
q_001817,0.0,3,0%,train
q_001818,0.0,5,0%,train
q_001819,0.0,8,0%,train
q_001820,0.0,2,0%,test
q_001821,0.125,8,1-33%,train
q_001822,0.0,3,0%,train
q_001823,0.0,4,0%,valid
q_001824,0.16666666666666666,6,1-33%,test
q_001825,0.14285714285714285,7,1-33%,train
q_001826,0.0,3,0%,train
q_001827,0.5,2,34-100%,valid
q_001828,0.4,5,34-100%,train
q_001829,0.0,8,0%,valid
q_001830,0.0,6,0%,train
q_001831,0.0,8,0%,valid
q_001832,0.14285714285714285,7,1-33%,train
q_001833,0.16666666666666666,6,1-33%,train
q_001834,0.2,5,1-33%,train
q_001835,0.0,2,0%,train
q_001836,0.3333333333333333,6,34-100%,train
q_001837,0.0,2,0%,train
q_001838,0.0,5,0%,train
q_001839,0.0,2,0%,valid
q_001840,0.0,3,0%,train
q_001841,0.375,8,34-100%,train
q_001842,0.0,6,0%,train
q_001843,0.0,6,0%,train
q_001844,0.16666666666666666,6,1-33%,train
q_001845,0.0,7,0%,test
q_001846,0.0,3,0%,train
q_001847,0.16666666666666666,6,1-33%,train
q_001848,0.2857142857142857,7,1-33%,train
q_001849,0.0,5,0%,test
q_001850,0.14285714285714285,7,1-33%,valid
q_001851,0.25,8,1-33%,valid
q_001852,0.0,2,0%,valid
q_001853,0.0,6,0%,train
q_001854,0.0,3,0%,train
q_001855,0.0,8,0%,test
q_001856,0.5,2,34-100%,test
q_001857,0.5,4,34-100%,train
q_001858,0.0,2,0%,train
q_001859,0.0,3,0%,train
q_001860,0.0,3,0%,train
q_001861,0.0,3,0%,test
q_001862,0.0,5,0%,test
q_001863,0.14285714285714285,7,1-33%,train
q_001864,0.6,5,34-100%,train
q_001865,0.125,8,1-33%,train
q_001866,0.25,4,1-33%,train
q_001867,0.125,8,1-33%,valid
q_001868,0.0,2,0%,train
q_001869,0.0,3,0%,test
q_001870,0.0,5,0%,train
q_001871,0.375,8,34-100%,test
q_001872,0.125,8,1-33%,valid
q_001873,0.125,8,1-33%,train
q_001874,0.25,4,1-33%,train
q_001875,0.0,2,0%,train
q_001876,0.4,5,34-100%,test
q_001877,0.0,6,0%,train
q_001878,0.3333333333333333,3,34-100%,train
q_001879,0.0,2,0%,train
q_001880,0.0,8,0%,train
q_001881,0.0,3,0%,test
q_001882,0.25,8,1-33%,train
q_001883,0.0,2,0%,test
q_001884,0.16666666666666666,6,1-33%,train
q_001885,0.0,4,0%,train
q_001886,0.2,5,1-33%,train
q_001887,0.25,4,1-33%,train
q_001888,0.5,2,34-100%,valid
q_001889,0.3333333333333333,3,34-100%,train
q_001890,0.5,2,34-100%,valid
q_001891,0.0,3,0%,train
q_001892,0.0,3,0%,train
q_001893,0.0,7,0%,test
q_001894,0.0,6,0%,train
q_001895,0.0,3,0%,train
q_001896,0.0,2,0%,test
q_001897,0.16666666666666666,6,1-33%,train
q_001898,0.25,4,1-33%,train
q_001899,0.0,5,0%,train
q_001900,0.0,7,0%,valid
q_001901,0.2857142857142857,7,1-33%,train
q_001902,0.0,7,0%,train
q_001903,0.16666666666666666,6,1-33%,train
q_001904,0.0,2,0%,test
q_001905,0.0,4,0%,train
q_001906,0.2857142857142857,7,1-33%,train
q_001907,0.3333333333333333,3,34-100%,train
q_001908,0.14285714285714285,7,1-33%,test
q_001909,0.0,3,0%,train
q_001910,0.25,8,1-33%,train
q_001911,0.14285714285714285,7,1-33%,train
q_001912,0.3333333333333333,3,34-100%,train
q_001913,0.0,5,0%,test
q_001914,0.16666666666666666,6,1-33%,train
q_001915,0.5,2,34-100%,train
q_001916,0.3333333333333333,6,34-100%,train
q_001917,0.0,2,0%,train
q_001918,0.16666666666666666,6,1-33%,test
q_001919,0.0,2,0%,train
q_001920,0.16666666666666666,6,1-33%,train
q_001921,0.0,4,0%,train
q_001922,0.2857142857142857,7,1-33%,train
q_001923,0.16666666666666666,6,1-33%,train
q_001924,0.5,2,34-100%,train
q_001925,0.0,6,0%,train
q_001926,0.16666666666666666,6,1-33%,train
q_001927,0.0,7,0%,train
q_001928,0.0,3,0%,train
q_001929,0.5,4,34-100%,valid
q_001930,0.14285714285714285,7,1-33%,train
q_001931,0.0,7,0%,train
q_001932,0.25,4,1-33%,train
q_001933,0.0,8,0%,valid
q_001934,0.0,2,0%,train
q_001935,0.2,5,1-33%,test
q_001936,0.0,6,0%,train
q_001937,0.25,8,1-33%,valid
q_001938,0.25,4,1-33%,train
q_001939,0.25,4,1-33%,test
q_001940,0.0,3,0%,test
q_001941,0.0,6,0%,train
q_001942,0.25,8,1-33%,train
q_001943,0.14285714285714285,7,1-33%,valid
q_001944,0.0,6,0%,train
q_001945,0.16666666666666666,6,1-33%,test
q_001946,0.0,5,0%,test
q_001947,0.375,8,34-100%,valid
q_001948,0.0,8,0%,train
q_001949,0.0,3,0%,valid
q_001950,0.0,2,0%,train
q_001951,0.0,3,0%,train
q_001952,0.14285714285714285,7,1-33%,train
q_001953,0.0,5,0%,train
q_001954,0.5,6,34-100%,train
q_001955,0.2,5,1-33%,valid
q_001956,0.5,2,34-100%,train
q_001957,0.16666666666666666,6,1-33%,test
q_001958,0.0,2,0%,train
q_001959,0.0,6,0%,test
q_001960,0.0,7,0%,train
q_001961,0.0,8,0%,valid
q_001962,0.0,4,0%,train
q_001963,0.0,3,0%,train
q_001964,0.0,5,0%,test
q_001965,0.5,2,34-100%,train
q_001966,0.0,7,0%,train
q_001967,0.0,2,0%,valid
q_001968,0.0,5,0%,train
q_001969,0.3333333333333333,6,34-100%,test
q_001970,0.3333333333333333,3,34-100%,train
q_001971,0.5,2,34-100%,train
q_001972,0.0,7,0%,valid
q_001973,0.3333333333333333,6,34-100%,test
q_001974,0.5,2,34-100%,valid
q_001975,0.0,6,0%,test
q_001976,0.125,8,1-33%,test
q_001977,0.0,2,0%,train
q_001978,0.2857142857142857,7,1-33%,train
q_001979,0.0,2,0%,train
q_001980,0.0,5,0%,valid
q_001981,0.0,8,0%,train
q_001982,0.2857142857142857,7,1-33%,test
q_001983,0.0,6,0%,valid
q_001984,0.0,3,0%,train
q_001985,0.0,8,0%,train
q_001986,0.5,4,34-100%,train
q_001987,0.42857142857142855,7,34-100%,valid
q_001988,0.0,4,0%,train
q_001989,0.0,2,0%,train
q_001990,0.16666666666666666,6,1-33%,valid
q_001991,0.0,4,0%,test
q_001992,0.0,2,0%,test
q_001993,0.2,5,1-33%,valid
q_001994,0.0,4,0%,test
q_001995,0.0,4,0%,train
q_001996,0.0,3,0%,test
q_001997,0.125,8,1-33%,train
q_001998,0.2857142857142857,7,1-33%,train
q_001999,0.5,2,34-100%,train
q_002000,0.0,3,0%,train
q_002001,0.0,3,0%,test
q_002002,0.3333333333333333,6,34-100%,train
q_002003,0.0,3,0%,valid
q_002004,0.0,3,0%,train
q_002005,0.0,5,0%,test
q_002006,0.125,8,1-33%,train
q_002007,0.0,4,0%,train
q_002008,0.0,8,0%,train
q_002009,0.14285714285714285,7,1-33%,valid
q_002010,0.14285714285714285,7,1-33%,test
q_002011,0.0,4,0%,train
q_002012,0.0,1,0%,train
