proporcion,split,seed,bought_rate
70/15/15,valid,0,0.12779973649538867
70/15/15,test,0,0.1292517006802721
70/15/15,valid,1,0.1288384512683578
70/15/15,test,1,0.13234344738540993
70/15/15,valid,2,0.13306451612903225
70/15/15,test,2,0.13022941970310392
70/15/15,valid,3,0.1300204220558203
70/15/15,test,3,0.13031914893617022
70/15/15,valid,4,0.13228552717747216
70/15/15,test,4,0.12474437627811862
70/15/15,valid,5,0.13043478260869565
70/15/15,test,5,0.13188976377952755
70/15/15,valid,6,0.12838709677419355
70/15/15,test,6,0.12603305785123967
70/15/15,valid,7,0.13608666215301288
70/15/15,test,7,0.12694300518134716
70/15/15,valid,8,0.12575655682582382
70/15/15,test,8,0.1384928716904277
70/15/15,valid,9,0.13414634146341464
70/15/15,test,9,0.13410483321987746
70/15/15,valid,10,0.13675213675213677
70/15/15,test,10,0.12996632996632998
70/15/15,valid,11,0.13246396705559368
70/15/15,test,11,0.13377049180327868
70/15/15,valid,12,0.1335131490222522
70/15/15,test,12,0.13364674278038952
70/15/15,valid,13,0.13272010512483573
70/15/15,test,13,0.13311258278145696
70/15/15,valid,14,0.12542372881355932
70/15/15,test,14,0.1293499671700591
70/15/15,valid,15,0.1335978835978836
70/15/15,test,15,0.1302887844190732
70/15/15,valid,16,0.12924716855429713
70/15/15,test,16,0.13135313531353135
70/15/15,valid,17,0.13520749665327977
70/15/15,test,17,0.12919896640826872
70/15/15,valid,18,0.13502673796791445
70/15/15,test,18,0.13046272493573266
70/15/15,valid,19,0.12794612794612795
70/15/15,test,19,0.13364674278038952
70/15/15,valid,20,0.132013201320132
70/15/15,test,20,0.1224764468371467
70/15/15,valid,21,0.12894736842105264
70/15/15,test,21,0.12601626016260162
70/15/15,valid,22,0.12549019607843137
70/15/15,test,22,0.13101604278074866
70/15/15,valid,23,0.1247498332221481
70/15/15,test,23,0.13917175831636117
70/15/15,valid,24,0.13116970926301555
70/15/15,test,24,0.13227513227513227
70/15/15,valid,25,0.1265474552957359
70/15/15,test,25,0.1306930693069307
70/15/15,valid,26,0.1267418712674187
70/15/15,test,26,0.13000656598818122
70/15/15,valid,27,0.13293253173012692
70/15/15,test,27,0.12601626016260162
70/15/15,valid,28,0.1253180661577608
70/15/15,test,28,0.1334688346883469
70/15/15,valid,29,0.12898845892735913
70/15/15,test,29,0.126
70/15/15,valid,30,0.12955729166666666
70/15/15,test,30,0.13392250169952413
70/15/15,valid,31,0.13212608987256874
70/15/15,test,31,0.1304945054945055
70/15/15,valid,32,0.12920237310481214
70/15/15,test,32,0.131458469587966
70/15/15,valid,33,0.13487738419618528
70/15/15,test,33,0.1277445109780439
70/15/15,valid,34,0.13280212483399734
70/15/15,test,34,0.1294672960215779
70/15/15,valid,35,0.13916500994035785
70/15/15,test,35,0.12474849094567404
70/15/15,valid,36,0.1286360698125404
70/15/15,test,36,0.13508196721311475
70/15/15,valid,37,0.13107119095143047
70/15/15,test,37,0.12916383412644458
70/15/15,valid,38,0.12981082844096542
70/15/15,test,38,0.13424657534246576
70/15/15,valid,39,0.12759067357512954
70/15/15,test,39,0.13043478260869565
70/15/15,valid,40,0.1353826030085023
70/15/15,test,40,0.1309362279511533
70/15/15,valid,41,0.1291834002677376
70/15/15,test,41,0.12425249169435217
70/15/15,valid,42,0.1288384512683578
70/15/15,test,42,0.1348993288590604
70/15/15,valid,43,0.12424445936870383
70/15/15,test,43,0.13216453135536074
70/15/15,valid,44,0.13841059602649006
70/15/15,test,44,0.12356687898089172
70/15/15,valid,45,0.13101604278074866
70/15/15,test,45,0.13289902280130292
70/15/15,valid,46,0.13242894056847546
70/15/15,test,46,0.1310615989515072
70/15/15,valid,47,0.12777053455019557
70/15/15,test,47,0.12778904665314403
70/15/15,valid,48,0.12439862542955327
70/15/15,test,48,0.12828736369467608
70/15/15,valid,49,0.1283244680851064
70/15/15,test,49,0.13092979127134724
70/15/15,valid,50,0.13140161725067384
70/15/15,test,50,0.13355704697986578
70/15/15,valid,51,0.13112582781456952
70/15/15,test,51,0.1327372764786795
70/15/15,valid,52,0.13883299798792756
70/15/15,test,52,0.13253012048192772
70/15/15,valid,53,0.12931034482758622
70/15/15,test,53,0.13577732518669383
70/15/15,valid,54,0.1272845953002611
70/15/15,test,54,0.12168284789644013
70/15/15,valid,55,0.1286472148541114
70/15/15,test,55,0.13005390835579514
70/15/15,valid,56,0.12467018469656992
70/15/15,test,56,0.13066316480630336
70/15/15,valid,57,0.1297554347826087
70/15/15,test,57,0.12881806108897742
70/15/15,valid,58,0.1349206349206349
70/15/15,test,58,0.13553607552258934
70/15/15,valid,59,0.1231838281743525
70/15/15,test,59,0.1342281879194631
70/15/15,valid,60,0.12804453723034098
70/15/15,test,60,0.13225806451612904
70/15/15,valid,61,0.13067027758970887
70/15/15,test,61,0.1284465366509751
70/15/15,valid,62,0.1309840425531915
70/15/15,test,62,0.12525117213663764
70/15/15,valid,63,0.12952646239554316
70/15/15,test,63,0.1335095836087244
70/15/15,valid,64,0.12808219178082192
70/15/15,test,64,0.13581890812250333
70/15/15,valid,65,0.12483574244415244
70/15/15,test,65,0.1319207108680793
70/15/15,valid,66,0.13364361702127658
70/15/15,test,66,0.13161375661375663
70/15/15,valid,67,0.1312127236580517
70/15/15,test,67,0.13386348575215373
70/15/15,valid,68,0.13043478260869565
70/15/15,test,68,0.12795905310300704
70/15/15,valid,69,0.12508638562543192
70/15/15,test,69,0.12966476913345984
70/15/15,valid,70,0.133008356545961
70/15/15,test,70,0.1287465940054496
70/15/15,valid,71,0.1312458361092605
70/15/15,test,71,0.12932723709993468
70/15/15,valid,72,0.12980132450331125
70/15/15,test,72,0.13238289205702647
70/15/15,valid,73,0.13049546406140963
70/15/15,test,73,0.1302887844190732
70/15/15,valid,74,0.128686327077748
70/15/15,test,74,0.1283739302172482
70/15/15,valid,75,0.12783505154639174
70/15/15,test,75,0.12771560236998025
70/15/15,valid,76,0.13011889035667107
70/15/15,test,76,0.13133940182054615
70/15/15,valid,77,0.1323529411764706
70/15/15,test,77,0.13624338624338625
70/15/15,valid,78,0.12998040496407576
70/15/15,test,78,0.1246684350132626
70/15/15,valid,79,0.13149243918474687
70/15/15,test,79,0.13091158327621658
70/15/15,valid,80,0.1361533377395902
70/15/15,test,80,0.13179347826086957
70/15/15,valid,81,0.1333780160857909
70/15/15,test,81,0.13333333333333333
70/15/15,valid,82,0.1282225237449118
70/15/15,test,82,0.12654924983692106
70/15/15,valid,83,0.12781456953642384
70/15/15,test,83,0.12567934782608695
70/15/15,valid,84,0.12508497620666215
70/15/15,test,84,0.12575655682582382
70/15/15,valid,85,0.12474849094567404
70/15/15,test,85,0.13253012048192772
70/15/15,valid,86,0.12916111850865514
70/15/15,test,86,0.12639894667544438
70/15/15,valid,87,0.13193504736129905
70/15/15,test,87,0.13016949152542373
70/15/15,valid,88,0.13159652638610556
70/15/15,test,88,0.13149022252191503
70/15/15,valid,89,0.12881806108897742
70/15/15,test,89,0.1300204220558203
70/15/15,valid,90,0.12416998671978752
70/15/15,test,90,0.12541473125414732
70/15/15,valid,91,0.12351387054161163
70/15/15,test,91,0.12822207534699273
70/15/15,valid,92,0.13449899125756556
70/15/15,test,92,0.12393442622950819
70/15/15,valid,93,0.1290956749672346
70/15/15,test,93,0.13147138964577657
70/15/15,valid,94,0.13555858310626703
70/15/15,test,94,0.1266490765171504
70/15/15,valid,95,0.13355263157894737
70/15/15,test,95,0.1332033788174139
70/15/15,valid,96,0.1284465366509751
70/15/15,test,96,0.1321762349799733
70/15/15,valid,97,0.1335593220338983
70/15/15,test,97,0.12964169381107493
70/15/15,valid,98,0.13654353562005278
70/15/15,test,98,0.132
70/15/15,valid,99,0.12750333778371162
70/15/15,test,99,0.11935483870967742
70/15/15,valid,100,0.12872628726287264
70/15/15,test,100,0.12991339107261826
70/15/15,valid,101,0.12227362855254462
70/15/15,test,101,0.13611859838274934
70/15/15,valid,102,0.128135593220339
70/15/15,test,102,0.12935656836461126
70/15/15,valid,103,0.13252197430696416
70/15/15,test,103,0.1289245156980628
70/15/15,valid,104,0.12836021505376344
70/15/15,test,104,0.13553607552258934
70/15/15,valid,105,0.13150684931506848
70/15/15,test,105,0.12265415549597855
70/15/15,valid,106,0.12574850299401197
70/15/15,test,106,0.13448735019973368
70/15/15,valid,107,0.13301823092505063
70/15/15,test,107,0.1279220779220779
70/15/15,valid,108,0.1390593047034765
70/15/15,test,108,0.12818835840418574
70/15/15,valid,109,0.12402597402597403
70/15/15,test,109,0.133289124668435
70/15/15,valid,110,0.12583668005354753
70/15/15,test,110,0.13258575197889183
70/15/15,valid,111,0.1326949384404925
70/15/15,test,111,0.12608405603735823
70/15/15,valid,112,0.13122476446837147
70/15/15,test,112,0.12827225130890052
70/15/15,valid,113,0.1223021582733813
70/15/15,test,113,0.13315400134498992
70/15/15,valid,114,0.13531799729364005
70/15/15,test,114,0.129565816678153
70/15/15,valid,115,0.130173564753004
70/15/15,test,115,0.1302910052910053
70/15/15,valid,116,0.1334716459197787
70/15/15,test,116,0.1288135593220339
70/15/15,valid,117,0.12642905178211164
70/15/15,test,117,0.13234344738540993
70/15/15,valid,118,0.12854317732366513
70/15/15,test,118,0.12898936170212766
70/15/15,valid,119,0.12508361204013377
70/15/15,test,119,0.12632978723404256
70/15/15,valid,120,0.1265389876880985
70/15/15,test,120,0.1289695398574206
70/15/15,valid,121,0.12823834196891193
70/15/15,test,121,0.1361111111111111
70/15/15,valid,122,0.12998040496407576
70/15/15,test,122,0.12616201859229748
70/15/15,valid,123,0.12829169480081026
70/15/15,test,123,0.13043478260869565
70/15/15,valid,124,0.12810457516339868
70/15/15,test,124,0.13084745762711864
70/15/15,valid,125,0.12632275132275134
70/15/15,test,125,0.13347022587268995
70/15/15,valid,126,0.12811867835468643
70/15/15,test,126,0.13154362416107382
70/15/15,valid,127,0.13328822733423545
70/15/15,test,127,0.13726790450928383
70/15/15,valid,128,0.12974051896207583
70/15/15,test,128,0.1282392026578073
70/15/15,valid,129,0.13618925831202047
70/15/15,test,129,0.13012361743656473
70/15/15,valid,130,0.12895069532237674
70/15/15,test,130,0.12957937584803256
70/15/15,valid,131,0.12598944591029024
70/15/15,test,131,0.12760416666666666
70/15/15,valid,132,0.125
70/15/15,test,132,0.13054830287206268
70/15/15,valid,133,0.12746386333771353
70/15/15,test,133,0.12681638044914134
70/15/15,valid,134,0.13219895287958114
70/15/15,test,134,0.1300204220558203
70/15/15,valid,135,0.1324200913242009
70/15/15,test,135,0.12372535690006799
70/15/15,valid,136,0.1264138389886893
70/15/15,test,136,0.13257828114590273
70/15/15,valid,137,0.12239408204438466
70/15/15,test,137,0.13163064833005894
70/15/15,valid,138,0.12623925974884337
70/15/15,test,138,0.12458800263678313
70/15/15,valid,139,0.13606340819022458
70/15/15,test,139,0.13195876288659794
70/15/15,valid,140,0.13178294573643412
70/15/15,test,140,0.13215258855585832
70/15/15,valid,141,0.13435828877005349
70/15/15,test,141,0.13099257258609048
70/15/15,valid,142,0.12789927104042412
70/15/15,test,142,0.13122476446837147
70/15/15,valid,143,0.12572161642078256
70/15/15,test,143,0.13216453135536074
70/15/15,valid,144,0.13302752293577982
70/15/15,test,144,0.1307901907356948
70/15/15,valid,145,0.13008672448298866
70/15/15,test,145,0.12911903160726296
70/15/15,valid,146,0.12746386333771353
70/15/15,test,146,0.1287978863936592
70/15/15,valid,147,0.13618157543391188
70/15/15,test,147,0.1258191349934469
70/15/15,valid,148,0.12231182795698925
70/15/15,test,148,0.1310935441370224
70/15/15,valid,149,0.12151394422310757
70/15/15,test,149,0.1312664907651715
70/15/15,valid,150,0.1361533377395902
70/15/15,test,150,0.1282565130260521
70/15/15,valid,151,0.12763068567549218
70/15/15,test,151,0.1343385880740233
70/15/15,valid,152,0.12945838837516513
70/15/15,test,152,0.13156146179401992
70/15/15,valid,153,0.13611859838274934
70/15/15,test,153,0.12740544127405443
70/15/15,valid,154,0.13306177868295996
70/15/15,test,154,0.13043478260869565
70/15/15,valid,155,0.1258741258741259
70/15/15,test,155,0.1264849755415793
70/15/15,valid,156,0.133008356545961
70/15/15,test,156,0.12822207534699273
70/15/15,valid,157,0.13524317121918722
70/15/15,test,157,0.12658227848101267
70/15/15,valid,158,0.12393442622950819
70/15/15,test,158,0.13615023474178403
70/15/15,valid,159,0.12566844919786097
70/15/15,test,159,0.13092852371409486
70/15/15,valid,160,0.12540400775694893
70/15/15,test,160,0.12757201646090535
70/15/15,valid,161,0.13404114134041142
70/15/15,test,161,0.12827225130890052
70/15/15,valid,162,0.1364247311827957
70/15/15,test,162,0.1307277628032345
70/15/15,valid,163,0.12771739130434784
70/15/15,test,163,0.12856196156394964
70/15/15,valid,164,0.12760241773002015
70/15/15,test,164,0.12365930599369085
70/15/15,valid,165,0.12558139534883722
70/15/15,test,165,0.13016528925619836
70/15/15,valid,166,0.13063973063973064
70/15/15,test,166,0.12980132450331125
70/15/15,valid,167,0.13739946380697052
70/15/15,test,167,0.12945838837516513
70/15/15,valid,168,0.1303763440860215
70/15/15,test,168,0.12881806108897742
70/15/15,valid,169,0.13057742782152232
70/15/15,test,169,0.12591119946984758
70/15/15,valid,170,0.13279678068410464
70/15/15,test,170,0.12565104166666666
70/15/15,valid,171,0.12801101169993118
70/15/15,test,171,0.13157894736842105
70/15/15,valid,172,0.12829403606102635
70/15/15,test,172,0.13444816053511705
70/15/15,valid,173,0.13673469387755102
70/15/15,test,173,0.1213527851458886
70/15/15,valid,174,0.13404825737265416
70/15/15,test,174,0.12532808398950132
70/15/15,valid,175,0.13306451612903225
70/15/15,test,175,0.12941961307538358
70/15/15,valid,176,0.1289707750952986
70/15/15,test,176,0.13116970926301555
70/15/15,valid,177,0.13392250169952413
70/15/15,test,177,0.1332020997375328
70/15/15,valid,178,0.12987012987012986
70/15/15,test,178,0.1341874578556979
70/15/15,valid,179,0.1291834002677376
70/15/15,test,179,0.12924281984334204
70/15/15,valid,180,0.13776881720430106
70/15/15,test,180,0.13143989431968295
70/15/15,valid,181,0.13598326359832635
70/15/15,test,181,0.12871927554980594
70/15/15,valid,182,0.12424037812288993
70/15/15,test,182,0.13324538258575197
70/15/15,valid,183,0.13734466971877043
70/15/15,test,183,0.1251700680272109
70/15/15,valid,184,0.13010899182561309
70/15/15,test,184,0.1333780160857909
70/15/15,valid,185,0.13020833333333334
70/15/15,test,185,0.1330671989354624
70/15/15,valid,186,0.12719606465214336
70/15/15,test,186,0.125
70/15/15,valid,187,0.1330671989354624
70/15/15,test,187,0.12905360688285902
70/15/15,valid,188,0.13247588424437298
70/15/15,test,188,0.13524317121918722
70/15/15,valid,189,0.12780421481985044
70/15/15,test,189,0.13553607552258934
70/15/15,valid,190,0.13101604278074866
70/15/15,test,190,0.13266666666666665
70/15/15,valid,191,0.1297016861219196
70/15/15,test,191,0.13557046979865772
70/15/15,valid,192,0.13709677419354838
70/15/15,test,192,0.12903225806451613
70/15/15,valid,193,0.12305611899932387
70/15/15,test,193,0.12584118438761777
70/15/15,valid,194,0.13709677419354838
70/15/15,test,194,0.12574850299401197
70/15/15,valid,195,0.1259016393442623
70/15/15,test,195,0.12834224598930483
70/15/15,valid,196,0.12835625409299278
70/15/15,test,196,0.13270142180094788
70/15/15,valid,197,0.12981744421906694
70/15/15,test,197,0.13066666666666665
70/15/15,valid,198,0.12393442622950819
70/15/15,test,198,0.1337448559670782
70/15/15,valid,199,0.1291348600508906
70/15/15,test,199,0.126514131897712
70/15/15,valid,200,0.13058186738836267
70/15/15,test,200,0.1294672960215779
70/15/15,valid,201,0.13082191780821917
70/15/15,test,201,0.13249835201054713
70/15/15,valid,202,0.12888601036269431
70/15/15,test,202,0.13285340314136126
70/15/15,valid,203,0.13802083333333334
70/15/15,test,203,0.12516297262059975
70/15/15,valid,204,0.12975098296199214
70/15/15,test,204,0.1302887844190732
70/15/15,valid,205,0.133377135348226
70/15/15,test,205,0.12533333333333332
70/15/15,valid,206,0.12348048624440179
70/15/15,test,206,0.12687585266030013
70/15/15,valid,207,0.13324080499653018
70/15/15,test,207,0.12856196156394964
70/15/15,valid,208,0.12309728656518862
70/15/15,test,208,0.13132694938440492
70/15/15,valid,209,0.1384928716904277
70/15/15,test,209,0.13227513227513227
70/15/15,valid,210,0.13141683778234087
70/15/15,test,210,0.13092105263157894
70/15/15,valid,211,0.12634408602150538
70/15/15,test,211,0.13284864507600794
70/15/15,valid,212,0.13075383589059372
70/15/15,test,212,0.13373655913978494
70/15/15,valid,213,0.12618724559023067
70/15/15,test,213,0.13052076466710613
70/15/15,valid,214,0.12872628726287264
70/15/15,test,214,0.12093023255813953
70/15/15,valid,215,0.1309987029831388
70/15/15,test,215,0.13242320819112627
70/15/15,valid,216,0.1246684350132626
70/15/15,test,216,0.1317241379310345
70/15/15,valid,217,0.12314939434724091
70/15/15,test,217,0.13154450261780104
70/15/15,valid,218,0.1273209549071618
70/15/15,test,218,0.1254980079681275
70/15/15,valid,219,0.13276089828269486
70/15/15,test,219,0.12894736842105264
70/15/15,valid,220,0.12869336835193695
70/15/15,test,220,0.128
70/15/15,valid,221,0.1248303934871099
70/15/15,test,221,0.1317880794701987
70/15/15,valid,222,0.13528212100611828
70/15/15,test,222,0.1264591439688716
70/15/15,valid,223,0.1256578947368421
70/15/15,test,223,0.13152542372881357
70/15/15,valid,224,0.12081418253447143
70/15/15,test,224,0.13049357674104126
70/15/15,valid,225,0.129928894634777
70/15/15,test,225,0.1261437908496732
70/15/15,valid,226,0.1301775147928994
70/15/15,test,226,0.1286195286195286
70/15/15,valid,227,0.13442622950819672
70/15/15,test,227,0.1312997347480106
70/15/15,valid,228,0.1270681667769689
70/15/15,test,228,0.13010899182561309
70/15/15,valid,229,0.12847682119205298
70/15/15,test,229,0.12738017071569271
70/15/15,valid,230,0.12368421052631579
70/15/15,test,230,0.13511659807956103
70/15/15,valid,231,0.135752688172043
70/15/15,test,231,0.13497340425531915
70/15/15,valid,232,0.13225371120107962
70/15/15,test,232,0.13466666666666666
70/15/15,valid,233,0.13179347826086957
70/15/15,test,233,0.13127930341594105
70/15/15,valid,234,0.12693082605775688
70/15/15,test,234,0.12971542025148908
70/15/15,valid,235,0.1208418194161575
70/15/15,test,235,0.13079584775086506
70/15/15,valid,236,0.12875250166777852
70/15/15,test,236,0.12771560236998025
70/15/15,valid,237,0.13280736357659434
70/15/15,test,237,0.12793034159410582
70/15/15,valid,238,0.1358839050131926
70/15/15,test,238,0.12390572390572391
70/15/15,valid,239,0.13451443569553806
70/15/15,test,239,0.12695179904955872
70/15/15,valid,240,0.1383989145183175
70/15/15,test,240,0.12941176470588237
70/15/15,valid,241,0.12632275132275134
70/15/15,test,241,0.1335095836087244
70/15/15,valid,242,0.1265738899933731
70/15/15,test,242,0.12338983050847457
70/15/15,valid,243,0.1351714862138534
70/15/15,test,243,0.1359289617486339
70/15/15,valid,244,0.13593539703903096
70/15/15,test,244,0.13089005235602094
70/15/15,valid,245,0.12735542560103963
70/15/15,test,245,0.12903225806451613
70/15/15,valid,246,0.12937293729372937
70/15/15,test,246,0.12984364377974167
70/15/15,valid,247,0.1273972602739726
70/15/15,test,247,0.1305732484076433
70/15/15,valid,248,0.12458800263678313
70/15/15,test,248,0.12270714737507907
70/15/15,valid,249,0.1324728260869565
70/15/15,test,249,0.12928759894459102
70/15/15,valid,250,0.12777404169468728
70/15/15,test,250,0.12988734261100066
70/15/15,valid,251,0.12854317732366513
70/15/15,test,251,0.130859375
70/15/15,valid,252,0.12559726962457338
70/15/15,test,252,0.13516976297245356
70/15/15,valid,253,0.13208805870580387
70/15/15,test,253,0.1310935441370224
70/15/15,valid,254,0.13741496598639455
70/15/15,test,254,0.13165075034106413
70/15/15,valid,255,0.13060686015831136
70/15/15,test,255,0.12764505119453926
70/15/15,valid,256,0.12911903160726296
70/15/15,test,256,0.12999322951929587
70/15/15,valid,257,0.13
70/15/15,test,257,0.12425644415069398
70/15/15,valid,258,0.13102511880515955
70/15/15,test,258,0.12450331125827814
70/15/15,valid,259,0.12856196156394964
70/15/15,test,259,0.1301850670070198
70/15/15,valid,260,0.13460231135282122
70/15/15,test,260,0.12755102040816327
70/15/15,valid,261,0.12840984697272123
70/15/15,test,261,0.1353682813536828
70/15/15,valid,262,0.13094417643004824
70/15/15,test,262,0.13184584178498987
70/15/15,valid,263,0.13111413043478262
70/15/15,test,263,0.13501291989664083
70/15/15,valid,264,0.13288590604026845
70/15/15,test,264,0.1279147235176549
70/15/15,valid,265,0.12550066755674233
70/15/15,test,265,0.1338366506520247
70/15/15,valid,266,0.13202437373053486
70/15/15,test,266,0.13452617627567925
70/15/15,valid,267,0.13608666215301288
70/15/15,test,267,0.1291834002677376
70/15/15,valid,268,0.12574061882817644
70/15/15,test,268,0.12982689747003995
70/15/15,valid,269,0.13444816053511705
70/15/15,test,269,0.13066666666666665
70/15/15,valid,270,0.13857428381079281
70/15/15,test,270,0.12813738441215325
70/15/15,valid,271,0.1345646437994723
70/15/15,test,271,0.13071895424836602
70/15/15,valid,272,0.12907608695652173
70/15/15,test,272,0.13037542662116042
70/15/15,valid,273,0.12655737704918033
70/15/15,test,273,0.13465346534653466
70/15/15,valid,274,0.1334231805929919
70/15/15,test,274,0.12884615384615383
70/15/15,valid,275,0.12727272727272726
70/15/15,test,275,0.1364883401920439
70/15/15,valid,276,0.13001383125864455
70/15/15,test,276,0.13606340819022458
70/15/15,valid,277,0.1293888166449935
70/15/15,test,277,0.12075983717774763
70/15/15,valid,278,0.12300531914893617
70/15/15,test,278,0.12548015364916773
70/15/15,valid,279,0.1288384512683578
70/15/15,test,279,0.1313065976714101
70/15/15,valid,280,0.1270053475935829
70/15/15,test,280,0.12246278755074425
70/15/15,valid,281,0.1286472148541114
70/15/15,test,281,0.1313617606602476
70/15/15,valid,282,0.13415468856947296
70/15/15,test,282,0.12266112266112267
70/15/15,valid,283,0.13211249182472204
70/15/15,test,283,0.131458469587966
70/15/15,valid,284,0.13568166992824526
70/15/15,test,284,0.13281799016163034
70/15/15,valid,285,0.13218770654329148
70/15/15,test,285,0.12374581939799331
70/15/15,valid,286,0.12638436482084692
70/15/15,test,286,0.13195876288659794
70/15/15,valid,287,0.12591119946984758
70/15/15,test,287,0.13315400134498992
70/15/15,valid,288,0.1278447121820616
70/15/15,test,288,0.1378614660390047
70/15/15,valid,289,0.12722478576137114
70/15/15,test,289,0.12722478576137114
70/15/15,valid,290,0.13490504256712507
70/15/15,test,290,0.13297150610583447
70/15/15,valid,291,0.1336934503713707
70/15/15,test,291,0.13103904698874919
70/15/15,valid,292,0.13116970926301555
70/15/15,test,292,0.13055181695827725
70/15/15,valid,293,0.13127413127413126
70/15/15,test,293,0.12666666666666668
70/15/15,valid,294,0.13113695090439276
70/15/15,test,294,0.12266666666666666
70/15/15,valid,295,0.12881806108897742
70/15/15,test,295,0.1276872964169381
70/15/15,valid,296,0.1306970509383378
70/15/15,test,296,0.13406292749658003
70/15/15,valid,297,0.12980769230769232
70/15/15,test,297,0.13055003313452618
70/15/15,valid,298,0.13319946452476572
70/15/15,test,298,0.13289473684210526
70/15/15,valid,299,0.13096037609133646
70/15/15,test,299,0.12386511024643321
80/10/10,valid,0,0.12844036697247707
80/10/10,test,0,0.12659470068694798
80/10/10,valid,1,0.1267056530214425
80/10/10,test,1,0.13211186113789777
80/10/10,valid,2,0.13721413721413722
80/10/10,test,2,0.13034410844629823
80/10/10,valid,3,0.13239719157472418
80/10/10,test,3,0.13013013013013014
80/10/10,valid,4,0.12673267326732673
80/10/10,test,4,0.12524850894632206
80/10/10,valid,5,0.13406156901688182
80/10/10,test,5,0.13035204567078973
80/10/10,valid,6,0.12574257425742574
80/10/10,test,6,0.13326551373346898
80/10/10,valid,7,0.13585291113381
80/10/10,test,7,0.1301775147928994
80/10/10,valid,8,0.13380281690140844
80/10/10,test,8,0.13272543059777103
80/10/10,valid,9,0.12216748768472907
80/10/10,test,9,0.13636363636363635
80/10/10,valid,10,0.13994169096209913
80/10/10,test,10,0.13280475718533202
80/10/10,valid,11,0.12942366026289182
80/10/10,test,11,0.13184584178498987
80/10/10,valid,12,0.13617886178861788
80/10/10,test,12,0.13748763600395647
80/10/10,valid,13,0.13372664700098327
80/10/10,test,13,0.13398058252427184
80/10/10,valid,14,0.1309164149043303
80/10/10,test,14,0.12524271844660195
80/10/10,valid,15,0.14015904572564614
80/10/10,test,15,0.13129318854886476
80/10/10,valid,16,0.1342685370741483
80/10/10,test,16,0.13047711781888996
80/10/10,valid,17,0.12649402390438247
80/10/10,test,17,0.14060963618485742
80/10/10,valid,18,0.12909441233140656
80/10/10,test,18,0.1437125748502994
80/10/10,valid,19,0.13394683026584867
80/10/10,test,19,0.13052011776251227
80/10/10,valid,20,0.12855740922473013
80/10/10,test,20,0.1309278350515464
80/10/10,valid,21,0.11701081612586037
80/10/10,test,21,0.13385826771653545
80/10/10,valid,22,0.12611717974180736
80/10/10,test,22,0.126
80/10/10,valid,23,0.12685827552031714
80/10/10,test,23,0.13496932515337423
80/10/10,valid,24,0.1283851554663992
80/10/10,test,24,0.14038657171922686
80/10/10,valid,25,0.12334352701325178
80/10/10,test,25,0.12475247524752475
80/10/10,valid,26,0.12996031746031747
80/10/10,test,26,0.12791878172588833
80/10/10,valid,27,0.12448559670781893
80/10/10,test,27,0.13147410358565736
80/10/10,valid,28,0.1355421686746988
80/10/10,test,28,0.13191076624636275
80/10/10,valid,29,0.12424849699398798
80/10/10,test,29,0.13211382113821138
80/10/10,valid,30,0.13004032258064516
80/10/10,test,30,0.13468992248062014
80/10/10,valid,31,0.134
80/10/10,test,31,0.12437810945273632
80/10/10,valid,32,0.1264591439688716
80/10/10,test,32,0.13320647002854424
80/10/10,valid,33,0.1347305389221557
80/10/10,test,33,0.131551901336074
80/10/10,valid,34,0.12761714855433698
80/10/10,test,34,0.1375
80/10/10,valid,35,0.1320754716981132
80/10/10,test,35,0.1330049261083744
80/10/10,valid,36,0.13425468904244817
80/10/10,test,36,0.13072519083969467
80/10/10,valid,37,0.12344398340248963
80/10/10,test,37,0.13420787083753785
80/10/10,valid,38,0.1267605633802817
80/10/10,test,38,0.13583815028901733
80/10/10,valid,39,0.12027833001988071
80/10/10,test,39,0.13073170731707318
80/10/10,valid,40,0.13184584178498987
80/10/10,test,40,0.13438735177865613
80/10/10,valid,41,0.12729124236252545
80/10/10,test,41,0.12685827552031714
80/10/10,valid,42,0.13847675568743817
80/10/10,test,42,0.12866108786610878
80/10/10,valid,43,0.12830957230142567
80/10/10,test,43,0.1259920634920635
80/10/10,valid,44,0.13864306784660768
80/10/10,test,44,0.12925851703406813
80/10/10,valid,45,0.12951807228915663
80/10/10,test,45,0.12633624878522837
80/10/10,valid,46,0.1306930693069307
80/10/10,test,46,0.13485280151946819
80/10/10,valid,47,0.1259029927760578
80/10/10,test,47,0.13163064833005894
80/10/10,valid,48,0.12363996043521266
80/10/10,test,48,0.1293774319066148
80/10/10,valid,49,0.12376237623762376
80/10/10,test,49,0.13333333333333333
80/10/10,valid,50,0.1374122367101304
80/10/10,test,50,0.12662013958125623
80/10/10,valid,51,0.13360739979445016
80/10/10,test,51,0.13069908814589665
80/10/10,valid,52,0.12944664031620554
80/10/10,test,52,0.14018691588785046
80/10/10,valid,53,0.13789581205311544
80/10/10,test,53,0.13152804642166344
80/10/10,valid,54,0.12085769980506822
80/10/10,test,54,0.12869399428026693
80/10/10,valid,55,0.12877263581488935
80/10/10,test,55,0.13211382113821138
80/10/10,valid,56,0.1303030303030303
80/10/10,test,56,0.1270611057225994
80/10/10,valid,57,0.1290650406504065
80/10/10,test,57,0.12475442043222004
80/10/10,valid,58,0.13858424725822532
80/10/10,test,58,0.13353115727002968
80/10/10,valid,59,0.12753623188405797
80/10/10,test,59,0.13095238095238096
80/10/10,valid,60,0.13065843621399176
80/10/10,test,60,0.12362911266201396
80/10/10,valid,61,0.12588116817724068
80/10/10,test,61,0.13313609467455623
80/10/10,valid,62,0.11776447105788423
80/10/10,test,62,0.13960703205791106
80/10/10,valid,63,0.13445378151260504
80/10/10,test,63,0.13171225937183384
80/10/10,valid,64,0.13598326359832635
80/10/10,test,64,0.13824419778002017
80/10/10,valid,65,0.13260219341974078
80/10/10,test,65,0.12759643916913946
80/10/10,valid,66,0.1274131274131274
80/10/10,test,66,0.13880445795339413
80/10/10,valid,67,0.12736318407960198
80/10/10,test,67,0.14189837008628955
80/10/10,valid,68,0.12586037364798427
80/10/10,test,68,0.12922465208747516
80/10/10,valid,69,0.1338100102145046
80/10/10,test,69,0.12864321608040202
80/10/10,valid,70,0.12844036697247707
80/10/10,test,70,0.13347022587268995
80/10/10,valid,71,0.13047808764940239
80/10/10,test,71,0.13155291790306628
80/10/10,valid,72,0.13353115727002968
80/10/10,test,72,0.1323529411764706
80/10/10,valid,73,0.12925851703406813
80/10/10,test,73,0.12852664576802508
80/10/10,valid,74,0.12877263581488935
80/10/10,test,74,0.12755598831548198
80/10/10,valid,75,0.13157894736842105
80/10/10,test,75,0.12696850393700787
80/10/10,valid,76,0.13576494427558258
80/10/10,test,76,0.13282732447817835
80/10/10,valid,77,0.13858424725822532
80/10/10,test,77,0.1303501945525292
80/10/10,valid,78,0.125250501002004
80/10/10,test,78,0.12739463601532566
80/10/10,valid,79,0.13170731707317074
80/10/10,test,79,0.1276595744680851
80/10/10,valid,80,0.13205645161290322
80/10/10,test,80,0.13495145631067962
80/10/10,valid,81,0.13123092573753814
80/10/10,test,81,0.13320274240940255
80/10/10,valid,82,0.13070539419087138
80/10/10,test,82,0.12560386473429952
80/10/10,valid,83,0.133130081300813
80/10/10,test,83,0.12340842311459353
80/10/10,valid,84,0.1286727456940223
80/10/10,test,84,0.12410256410256411
80/10/10,valid,85,0.12389380530973451
80/10/10,test,85,0.12212212212212212
80/10/10,valid,86,0.131551901336074
80/10/10,test,86,0.12332695984703633
80/10/10,valid,87,0.1358921161825726
80/10/10,test,87,0.12828282828282828
80/10/10,valid,88,0.13065843621399176
80/10/10,test,88,0.13372093023255813
80/10/10,valid,89,0.1267605633802817
80/10/10,test,89,0.12653061224489795
80/10/10,valid,90,0.12658227848101267
80/10/10,test,90,0.13078470824949698
80/10/10,valid,91,0.12622309197651663
80/10/10,test,91,0.12922465208747516
80/10/10,valid,92,0.1242603550295858
80/10/10,test,92,0.13557594291539246
80/10/10,valid,93,0.13233830845771144
80/10/10,test,93,0.12562313060817548
80/10/10,valid,94,0.1359026369168357
80/10/10,test,94,0.1292929292929293
80/10/10,valid,95,0.12962962962962962
80/10/10,test,95,0.13676907829534193
80/10/10,valid,96,0.1277258566978193
80/10/10,test,96,0.13254203758654798
80/10/10,valid,97,0.1312127236580517
80/10/10,test,97,0.13021868787276342
80/10/10,valid,98,0.12659470068694798
80/10/10,test,98,0.1346153846153846
80/10/10,valid,99,0.12388503468780972
80/10/10,test,99,0.12274024738344434
80/10/10,valid,100,0.1288404360753221
80/10/10,test,100,0.13494461228600202
80/10/10,valid,101,0.12840466926070038
80/10/10,test,101,0.13034825870646766
80/10/10,valid,102,0.12437311935807423
80/10/10,test,102,0.13552361396303902
80/10/10,valid,103,0.13346613545816732
80/10/10,test,103,0.13432835820895522
80/10/10,valid,104,0.13366336633663367
80/10/10,test,104,0.13353720693170235
80/10/10,valid,105,0.13113113113113112
80/10/10,test,105,0.12539184952978055
80/10/10,valid,106,0.13649851632047477
80/10/10,test,106,0.12923076923076923
80/10/10,valid,107,0.1286727456940223
80/10/10,test,107,0.129126213592233
80/10/10,valid,108,0.14126016260162602
80/10/10,test,108,0.12770137524557956
80/10/10,valid,109,0.1270935960591133
80/10/10,test,109,0.1289701636188643
80/10/10,valid,110,0.12216748768472907
80/10/10,test,110,0.13043478260869565
80/10/10,valid,111,0.12877263581488935
80/10/10,test,111,0.12955465587044535
80/10/10,valid,112,0.12637913741223672
80/10/10,test,112,0.1326829268292683
80/10/10,valid,113,0.12562313060817548
80/10/10,test,113,0.13082259663032705
80/10/10,valid,114,0.12412412412412413
80/10/10,test,114,0.1398527865404837
80/10/10,valid,115,0.12992125984251968
80/10/10,test,115,0.12487512487512488
80/10/10,valid,116,0.13807531380753138
80/10/10,test,116,0.12744090441932168
80/10/10,valid,117,0.12254901960784313
80/10/10,test,117,0.13
80/10/10,valid,118,0.12350597609561753
80/10/10,test,118,0.1324110671936759
80/10/10,valid,119,0.1311806256306761
80/10/10,test,119,0.1232741617357002
80/10/10,valid,120,0.13113113113113112
80/10/10,test,120,0.12612612612612611
80/10/10,valid,121,0.1314508276533593
80/10/10,test,121,0.13557594291539246
80/10/10,valid,122,0.12561819980217606
80/10/10,test,122,0.12692307692307692
80/10/10,valid,123,0.13347022587268995
80/10/10,test,123,0.12659470068694798
80/10/10,valid,124,0.14029850746268657
80/10/10,test,124,0.12610837438423644
80/10/10,valid,125,0.12704918032786885
80/10/10,test,125,0.1300097751710655
80/10/10,valid,126,0.13387423935091278
80/10/10,test,126,0.12836438923395446
80/10/10,valid,127,0.12913223140495866
80/10/10,test,127,0.13891625615763548
80/10/10,valid,128,0.12361809045226131
80/10/10,test,128,0.13137254901960785
80/10/10,valid,129,0.13170731707317074
80/10/10,test,129,0.13110047846889952
80/10/10,valid,130,0.12570888468809074
80/10/10,test,130,0.13142292490118576
80/10/10,valid,131,0.12015503875968993
80/10/10,test,131,0.13453815261044177
80/10/10,valid,132,0.1292517006802721
80/10/10,test,132,0.12815533980582525
80/10/10,valid,133,0.12030798845043311
80/10/10,test,133,0.13065843621399176
80/10/10,valid,134,0.13394683026584867
80/10/10,test,134,0.1291913214990138
80/10/10,valid,135,0.125
80/10/10,test,135,0.12600806451612903
80/10/10,valid,136,0.12768130745658834
80/10/10,test,136,0.12837837837837837
80/10/10,valid,137,0.12729124236252545
80/10/10,test,137,0.12342079689018465
80/10/10,valid,138,0.12326043737574553
80/10/10,test,138,0.13846153846153847
80/10/10,valid,139,0.13613101330603888
80/10/10,test,139,0.13572854291417166
80/10/10,valid,140,0.1301775147928994
80/10/10,test,140,0.13260219341974078
80/10/10,valid,141,0.13209494324045407
80/10/10,test,141,0.13392857142857142
80/10/10,valid,142,0.1260245901639344
80/10/10,test,142,0.1326829268292683
80/10/10,valid,143,0.13226452905811623
80/10/10,test,143,0.13313609467455623
80/10/10,valid,144,0.1270935960591133
80/10/10,test,144,0.1504149377593361
80/10/10,valid,145,0.12835820895522387
80/10/10,test,145,0.12974051896207583
80/10/10,valid,146,0.12893401015228426
80/10/10,test,146,0.12884615384615383
80/10/10,valid,147,0.12770137524557956
80/10/10,test,147,0.1349206349206349
80/10/10,valid,148,0.12768130745658834
80/10/10,test,148,0.12763819095477386
80/10/10,valid,149,0.1211519364448858
80/10/10,test,149,0.1242603550295858
80/10/10,valid,150,0.1277445109780439
80/10/10,test,150,0.1309055118110236
80/10/10,valid,151,0.1342828077314344
80/10/10,test,151,0.12398373983739837
80/10/10,valid,152,0.12696850393700787
80/10/10,test,152,0.13255360623781676
80/10/10,valid,153,0.14038657171922686
80/10/10,test,153,0.12730806608357628
80/10/10,valid,154,0.1389452332657201
80/10/10,test,154,0.13432835820895522
80/10/10,valid,155,0.12696850393700787
80/10/10,test,155,0.11923847695390781
80/10/10,valid,156,0.1292372881355932
80/10/10,test,156,0.1310483870967742
80/10/10,valid,157,0.1346153846153846
80/10/10,test,157,0.1306005719733079
80/10/10,valid,158,0.12893700787401574
80/10/10,test,158,0.12935323383084577
80/10/10,valid,159,0.123
80/10/10,test,159,0.13184584178498987
80/10/10,valid,160,0.12462612163509472
80/10/10,test,160,0.13247011952191234
80/10/10,valid,161,0.13029989658738367
80/10/10,test,161,0.12866603595080417
80/10/10,valid,162,0.12512512512512514
80/10/10,test,162,0.1405940594059406
80/10/10,valid,163,0.12637913741223672
80/10/10,test,163,0.13098729227761485
80/10/10,valid,164,0.1188212927756654
80/10/10,test,164,0.13253012048192772
80/10/10,valid,165,0.12626262626262627
80/10/10,test,165,0.12109375
80/10/10,valid,166,0.12951807228915663
80/10/10,test,166,0.134479271991911
80/10/10,valid,167,0.1290983606557377
80/10/10,test,167,0.13425468904244817
80/10/10,valid,168,0.12386706948640483
80/10/10,test,168,0.1346153846153846
80/10/10,valid,169,0.125
80/10/10,test,169,0.12949640287769784
80/10/10,valid,170,0.12316715542521994
80/10/10,test,170,0.12945973496432212
80/10/10,valid,171,0.12363996043521266
80/10/10,test,171,0.13388259526261587
80/10/10,valid,172,0.1317671092951992
80/10/10,test,172,0.1340956340956341
80/10/10,valid,173,0.12413108242303873
80/10/10,test,173,0.13631633714880334
80/10/10,valid,174,0.13562753036437247
80/10/10,test,174,0.12156862745098039
80/10/10,valid,175,0.1355421686746988
80/10/10,test,175,0.1286727456940223
80/10/10,valid,176,0.12815338042381433
80/10/10,test,176,0.1293774319066148
80/10/10,valid,177,0.1293774319066148
80/10/10,test,177,0.13253012048192772
80/10/10,valid,178,0.13190184049079753
80/10/10,test,178,0.13163265306122449
80/10/10,valid,179,0.12316715542521994
80/10/10,test,179,0.13034825870646766
80/10/10,valid,180,0.13478691774033696
80/10/10,test,180,0.13837095191364082
80/10/10,valid,181,0.12935323383084577
80/10/10,test,181,0.12916246215943492
80/10/10,valid,182,0.13279678068410464
80/10/10,test,182,0.13108242303872888
80/10/10,valid,183,0.1348747591522158
80/10/10,test,183,0.1325178389398573
80/10/10,valid,184,0.13326551373346898
80/10/10,test,184,0.12753036437246965
80/10/10,valid,185,0.13078470824949698
80/10/10,test,185,0.13229571984435798
80/10/10,valid,186,0.12449799196787148
80/10/10,test,186,0.12751004016064257
80/10/10,valid,187,0.13522012578616352
80/10/10,test,187,0.134765625
80/10/10,valid,188,0.12823061630218688
80/10/10,test,188,0.1413662239089184
80/10/10,valid,189,0.12423625254582485
80/10/10,test,189,0.13030602171767028
80/10/10,valid,190,0.1350253807106599
80/10/10,test,190,0.13306451612903225
80/10/10,valid,191,0.142721217887726
80/10/10,test,191,0.12977867203219315
80/10/10,valid,192,0.12989690721649486
80/10/10,test,192,0.1360824742268041
80/10/10,valid,193,0.12624254473161034
80/10/10,test,193,0.12576687116564417
80/10/10,valid,194,0.129064039408867
80/10/10,test,194,0.13488843813387424
80/10/10,valid,195,0.12142857142857143
80/10/10,test,195,0.12825458052073288
80/10/10,valid,196,0.12749003984063745
80/10/10,test,196,0.13386613386613386
80/10/10,valid,197,0.13194444444444445
80/10/10,test,197,0.12871287128712872
80/10/10,valid,198,0.127
80/10/10,test,198,0.1282051282051282
80/10/10,valid,199,0.12512218963831867
80/10/10,test,199,0.13216715257531583
80/10/10,valid,200,0.12611717974180736
80/10/10,test,200,0.1325910931174089
80/10/10,valid,201,0.13440320962888666
80/10/10,test,201,0.13141683778234087
80/10/10,valid,202,0.12669245647969052
80/10/10,test,202,0.13320274240940255
80/10/10,valid,203,0.12922465208747516
80/10/10,test,203,0.14258188824662812
80/10/10,valid,204,0.12345679012345678
80/10/10,test,204,0.13428571428571429
80/10/10,valid,205,0.12671905697445973
80/10/10,test,205,0.12810327706057598
80/10/10,valid,206,0.12759643916913946
80/10/10,test,206,0.1220703125
80/10/10,valid,207,0.13066385669125394
80/10/10,test,207,0.1383838383838384
80/10/10,valid,208,0.1243680485338726
80/10/10,test,208,0.12903225806451613
80/10/10,valid,209,0.1395112016293279
80/10/10,test,209,0.1349206349206349
80/10/10,valid,210,0.13387423935091278
80/10/10,test,210,0.13114754098360656
80/10/10,valid,211,0.12374245472837023
80/10/10,test,211,0.133
80/10/10,valid,212,0.1301775147928994
80/10/10,test,212,0.12877263581488935
80/10/10,valid,213,0.1303030303030303
80/10/10,test,213,0.13286713286713286
80/10/10,valid,214,0.11914893617021277
80/10/10,test,214,0.13111545988258316
80/10/10,valid,215,0.12653061224489795
80/10/10,test,215,0.13372093023255813
80/10/10,valid,216,0.12684365781710916
80/10/10,test,216,0.12869198312236288
80/10/10,valid,217,0.11904761904761904
80/10/10,test,217,0.12928501469147893
80/10/10,valid,218,0.1185617103984451
80/10/10,test,218,0.13306852035749753
80/10/10,valid,219,0.13068731848983542
80/10/10,test,219,0.127826941986234
80/10/10,valid,220,0.12823061630218688
80/10/10,test,220,0.125
80/10/10,valid,221,0.12916246215943492
80/10/10,test,221,0.124750499001996
80/10/10,valid,222,0.13479623824451412
80/10/10,test,222,0.12606635071090047
80/10/10,valid,223,0.12537917087967643
80/10/10,test,223,0.12823061630218688
80/10/10,valid,224,0.12649402390438247
80/10/10,test,224,0.11983887210473314
80/10/10,valid,225,0.12313803376365443
80/10/10,test,225,0.13333333333333333
80/10/10,valid,226,0.13138686131386862
80/10/10,test,226,0.12584053794428435
80/10/10,valid,227,0.1323251417769376
80/10/10,test,227,0.13532338308457711
80/10/10,valid,228,0.12745098039215685
80/10/10,test,228,0.13306451612903225
80/10/10,valid,229,0.12837837837837837
80/10/10,test,229,0.13160518444666003
80/10/10,valid,230,0.12358393408856849
80/10/10,test,230,0.13030602171767028
80/10/10,valid,231,0.1317671092951992
80/10/10,test,231,0.13682092555331993
80/10/10,valid,232,0.13645418326693226
80/10/10,test,232,0.13165829145728644
80/10/10,valid,233,0.13414634146341464
80/10/10,test,233,0.13086913086913088
80/10/10,valid,234,0.12649402390438247
80/10/10,test,234,0.125
80/10/10,valid,235,0.11938775510204082
80/10/10,test,235,0.13485477178423236
80/10/10,valid,236,0.12613521695257315
80/10/10,test,236,0.12547892720306514
80/10/10,valid,237,0.13333333333333333
80/10/10,test,237,0.12957467853610286
80/10/10,valid,238,0.1339375629405841
80/10/10,test,238,0.11949069539666993
80/10/10,valid,239,0.12703252032520326
80/10/10,test,239,0.13096446700507614
80/10/10,valid,240,0.13388259526261587
80/10/10,test,240,0.1308411214953271
80/10/10,valid,241,0.13465346534653466
80/10/10,test,241,0.12660731948565776
80/10/10,valid,242,0.12127236580516898
80/10/10,test,242,0.12989690721649486
80/10/10,valid,243,0.13407258064516128
80/10/10,test,243,0.13719512195121952
80/10/10,valid,244,0.13850687622789784
80/10/10,test,244,0.13209393346379647
80/10/10,valid,245,0.121414913957935
80/10/10,test,245,0.1299093655589124
80/10/10,valid,246,0.13192346424974824
80/10/10,test,246,0.13013013013013014
80/10/10,valid,247,0.12512613521695257
80/10/10,test,247,0.13018322082931533
80/10/10,valid,248,0.1291913214990138
80/10/10,test,248,0.12451737451737452
80/10/10,valid,249,0.1283851554663992
80/10/10,test,249,0.13034623217922606
80/10/10,valid,250,0.1342828077314344
80/10/10,test,250,0.12171372930866602
80/10/10,valid,251,0.13282001924927817
80/10/10,test,251,0.13095238095238096
80/10/10,valid,252,0.13077679449360866
80/10/10,test,252,0.12536728697355534
80/10/10,valid,253,0.12797619047619047
80/10/10,test,253,0.1354775828460039
80/10/10,valid,254,0.13435897435897437
80/10/10,test,254,0.13513513513513514
80/10/10,valid,255,0.12710084033613445
80/10/10,test,255,0.1337890625
80/10/10,valid,256,0.13399014778325122
80/10/10,test,256,0.12721584984358708
80/10/10,valid,257,0.127826941986234
80/10/10,test,257,0.12351778656126482
80/10/10,valid,258,0.12121212121212122
80/10/10,test,258,0.13676907829534193
80/10/10,valid,259,0.12962962962962962
80/10/10,test,259,0.12586719524281467
80/10/10,valid,260,0.1330049261083744
80/10/10,test,260,0.1347449470644851
80/10/10,valid,261,0.13
80/10/10,test,261,0.13453815261044177
80/10/10,valid,262,0.13025641025641024
80/10/10,test,262,0.13138686131386862
80/10/10,valid,263,0.12734452122408688
80/10/10,test,263,0.13627450980392156
80/10/10,valid,264,0.12236710130391174
80/10/10,test,264,0.13768844221105528
80/10/10,valid,265,0.1278493557978196
80/10/10,test,265,0.13182286302780638
80/10/10,valid,266,0.13429752066115702
80/10/10,test,266,0.12887112887112886
80/10/10,valid,267,0.130879345603272
80/10/10,test,267,0.13457556935817805
80/10/10,valid,268,0.11904761904761904
80/10/10,test,268,0.1332675222112537
80/10/10,valid,269,0.136226034308779
80/10/10,test,269,0.13064833005893908
80/10/10,valid,270,0.13751263902932254
80/10/10,test,270,0.13300970873786408
80/10/10,valid,271,0.13228035538005922
80/10/10,test,271,0.1316831683168317
80/10/10,valid,272,0.13163265306122449
80/10/10,test,272,0.1330603889457523
80/10/10,valid,273,0.1337890625
80/10/10,test,273,0.1364522417153996
80/10/10,valid,274,0.12658227848101267
80/10/10,test,274,0.13771839671120248
80/10/10,valid,275,0.13569937369519833
80/10/10,test,275,0.1324828263002944
80/10/10,valid,276,0.1305668016194332
80/10/10,test,276,0.12761714855433698
80/10/10,valid,277,0.12561819980217606
80/10/10,test,277,0.1276595744680851
80/10/10,valid,278,0.12338308457711443
80/10/10,test,278,0.123046875
80/10/10,valid,279,0.12403100775193798
80/10/10,test,279,0.13689320388349516
80/10/10,valid,280,0.13217213114754098
80/10/10,test,280,0.12003968253968254
80/10/10,valid,281,0.12154150197628459
80/10/10,test,281,0.13877952755905512
80/10/10,valid,282,0.1279916753381894
80/10/10,test,282,0.12916246215943492
80/10/10,valid,283,0.13275193798449614
80/10/10,test,283,0.13222331047992164
80/10/10,valid,284,0.13078470824949698
80/10/10,test,284,0.1384928716904277
80/10/10,valid,285,0.13131313131313133
80/10/10,test,285,0.12266928361138371
80/10/10,valid,286,0.11839530332681017
80/10/10,test,286,0.12877263581488935
80/10/10,valid,287,0.1279296875
80/10/10,test,287,0.12977867203219315
80/10/10,valid,288,0.13360323886639677
80/10/10,test,288,0.12896825396825398
80/10/10,valid,289,0.12280701754385964
80/10/10,test,289,0.1301715438950555
80/10/10,valid,290,0.13434343434343435
80/10/10,test,290,0.12931885488647582
80/10/10,valid,291,0.13655030800821355
80/10/10,test,291,0.12931885488647582
80/10/10,valid,292,0.12828282828282828
80/10/10,test,292,0.12893401015228426
80/10/10,valid,293,0.13222331047992164
80/10/10,test,293,0.13320079522862824
80/10/10,valid,294,0.12412412412412413
80/10/10,test,294,0.13373253493013973
80/10/10,valid,295,0.12209889001009082
80/10/10,test,295,0.12857142857142856
80/10/10,valid,296,0.13279678068410464
80/10/10,test,296,0.12886597938144329
80/10/10,valid,297,0.12732919254658384
80/10/10,test,297,0.12390243902439024
80/10/10,valid,298,0.13043478260869565
80/10/10,test,298,0.13609467455621302
80/10/10,valid,299,0.12725450901803606
80/10/10,test,299,0.1288404360753221
